Workbook

Sheet START_HERE
A1: Activity / Media Dictionary Builder
A2: Formula-driven, no VBA -- builds a complete activity_dictionary row and its activity_id
A4: What this builder is for
A5: Use this workbook to define one row per activity (a channel/platform/campaign-type combination such as Paid Search - Google - Brand) that you have spend, clicks, or impressions for.
A6: It builds a stable activity_id for you from the fields that genuinely distinguish one activity from another, and produces a clean row ready to paste into the activity_dictionary sheet of the standard Activity and Media upload workbook.
A8: What you need to fill in
A9: Go to the BUILDER sheet. Fill in channel, market, activity_ownership, intended_model_role, model_input_measure, economic_treatment, planning_eligibility, and source for every activity row.
A10: For Paid Search activities you want split by Google/Bing and Brand/Non-Brand, also fill in platform and campaign_type -- the same two ordinary dictionary fields any other channel would use, not special Search-only inputs.
A11: Only fill in the grey (optional/advanced) columns if you have the information handy -- they are reporting metadata, not fit or planning inputs.
A13: What is generated automatically
A14: Generated ID -- built from channel plus whichever of platform and campaign_type you filled in.
A15: Final ID -- the Generated ID, unless you type something in Manual override.
... A36: This builder never asks for your weekly spend, clicks, or impressions. Those go in the activity_data sheet of the same upload workbook, one row per period_start x market x activity_id.

Sheet BUILDER
A7: channel | B7: market | C7: activity_ownership | D7: intended_model_role | E7: model_input_column | F7: model_input_measure | G7: economic_treatment | H7: planning_eligibility | I7: source | J7: activity_id (existing) | K7: Manual override | L7: Generated ID | M7: Final ID | N7: Row status | O7: platform | P7: campaign_type | Q7: pooling_group_id | R7: funnel_stage | S7: marketing_objective | T7: product_advertised | U7: message_type | V7: currency | W7: effective_from | X7: effective_to | AA7: _A_clean | AB7: _A_collapsed | AC7: _A_token | AD7: _O_clean | AE7: _O_collapsed | AF7: _O_token | AG7: _P_clean | AH7: _P_collapsed | AI7: _P_token
A8: Paid Search | B8: UK | C8: paid | D8: intervention | F8: spend | G8: paid_media_cost | H8: optimisable | I8: Google Ads export | L8: =IF(AC8<>"",AC8,"")&IF(AF8<>"",IF(AC8<>"","_"&AF8,AF8),"")&IF(AI8<>"",IF(AC8<>"","_"&AI8,AI8),"") | M8: =IF(TRIM(K8)<>"",TRIM(K8),L8) | N8: =IF(OR(A8="",B8="",C8="",D8="",F8="",G8="",H8="",I8=""),"Missing required field — fill in channel, market, activity_ownership, intended_model_role, model_input_measure, economic_treatment, planning_eligibility, and source.",IF(L8="","Missing required field — channel must be filled in to build an ID.",IF(COUNTIF($M$8:$M$31,M8)>1,"Duplicate activity ID — two rows currently build the same activity_id; add the next meaningful field, not a random number.",IF(AND(J8<>"",J8<>M8),"Existing activity_id differs from the built ID — review before using.","Ready")))) | O8: Google | P8: Brand | AA8: =IF(OR(LOWER(TRIM(A8))="",LOWER(TRIM(A8))="nan",LOWER(TRIM(A8))="none",LOWER(TRIM(A8))="n/a"),"",SUBSTITUTE(SUBSTITUTE(SUBSTITUTE(SUBSTITUTE(SUBSTITUTE(SUBSTITUTE(SUBSTITUTE(SUBSTITUTE(SUBSTITUTE(SUBSTITUTE(SUBSTITUTE(SUBSTITUTE(SUBSTITUTE(SUBSTITUTE(SUBSTITUTE(SUBSTITUTE(SUBSTITUTE(SUBSTITUTE(SUBSTITUTE(SUBSTITUTE(SUBSTITUTE(SUBSTITUTE(SUBSTITUTE(SUBSTITUTE(SUBSTITUTE(SUBSTITUTE(SUBSTITUTE(SUBSTITUTE(SUBSTITUTE(SUBSTITUTE(SUBSTITUTE(SUBSTITUTE(SUBSTITUTE(SUBSTITUTE(SUBSTITUTE(SUBSTITUTE(SUBSTITUTE(SUBSTITUTE(LOWER(TRIM(A8))," ","_"),"!","_"),"#","_"),"$","_"),"%","_"),"&","_"),"'","_"),"(","_"),")","_"),"*","_"),"+","_"),",","_"),"-","_"),".","_"),"/","_"),":","_"),";","_"),"<","_"),"=","_"),">","_"),"?","_"),"@","_"),"[","_"),"\","_"),"]","_"),"^","_"),"`","_"),"{","_"),"|","_"),"}","_"),"~","_"),"–","_"),"—","_"),"’","_"),"“","_"),"”","_"),CHAR(9),"_"),CHAR(160),"_")) | AB8: =IF(AA8="","",SUBSTITUTE(SUBSTITUTE(SUBSTITUTE(SUBSTITUTE(SUBSTITUTE(SUBSTITUTE(SUBSTITUTE(SUBSTITUTE(AA8,"__","_"),"__","_"),"__","_"),"__","_"),"__","_"),"__","_"),"__","_"),"__","_")) | AC8: =IF(OR(AB8="",AB8="_"),"",IF(LEFT(AB8,1)="_",IF(RIGHT(AB8,1)="_",MID(AB8,2,LEN(AB8)-2),RIGHT(AB8,LEN(AB8)-1)),IF(RIGHT(AB8,1)="_",LEFT(AB8,LEN(AB8)-1),AB8))) | AD8: =IF(OR(LOWER(TRIM(O8))="",LOWER(TRIM(O8))="nan",LOWER(TRIM(O8))="none",LOWER(TRIM(O8))="n/a"),"",SUBSTITUTE(SUBSTITUTE(SUBSTITUTE(SUBSTITUTE(SUBSTITUTE(SUBSTITUTE(SUBSTITUTE(SUBSTITUTE(SUBSTITUTE(SUBSTITUTE(SUBSTITUTE(SUBSTITUTE(SUBSTITUTE(SUBSTITUTE(SUBSTITUTE(SUBSTITUTE(SUBSTITUTE(SUBSTITUTE(SUBSTITUTE(SUBSTITUTE(SUBSTITUTE(SUBSTITUTE(SUBSTITUTE(SUBSTITUTE(SUBSTITUTE(SUBSTITUTE(SUBSTITUTE(SUBSTITUTE(SUBSTITUTE(SUBSTITUTE(SUBSTITUTE(SUBSTITUTE(SUBSTITUTE(SUBSTITUTE(SUBSTITUTE(SUBSTITUTE(SUBSTITUTE(SUBSTITUTE(LOWER(TRIM(O8))," ","_"),"!","_"),"#","_"),"$","_"),"%","_"),"&","_"),"'","_"),"(","_"),")","_"),"*","_"),"+","_"),",","_"),"-","_"),".","_"),"/","_"),":","_"),";","_"),"<","_"),"=","_"),">","_"),"?","_"),"@","_"),"[","_"),"\","_"),"]","_"),"^","_"),"`","_"),"{","_"),"|","_"),"}","_"),"~","_"),"–","_"),"—","_"),"’","_"),"“","_"),"”","_"),CHAR(9),"_"),CHAR(160),"_")) | AE8: =IF(AD8="","",SUBSTITUTE(SUBSTITUTE(SUBSTITUTE(SUBSTITUTE(SUBSTITUTE(SUBSTITUTE(SUBSTITUTE(SUBSTITUTE(AD8,"__","_"),"__","_"),"__","_"),"__","_"),"__","_"),"__","_"),"__","_"),"__","_")) | AF8: =IF(OR(AE8="",AE8="_"),"",IF(LEFT(AE8,1)="_",IF(RIGHT(AE8,1)="_",MID(AE8,2,LEN(AE8)-2),RIGHT(AE8,LEN(AE8)-1)),IF(RIGHT(AE8,1)="_",LEFT(AE8,LEN(AE8)-1),AE8))) | AG8: =IF(OR(LOWER(TRIM(P8))="",LOWER(TRIM(P8))="nan",LOWER(TRIM(P8))="none",LOWER(TRIM(P8))="n/a"),"",SUBSTITUTE(SUBSTITUTE(SUBSTITUTE(SUBSTITUTE(SUBSTITUTE(SUBSTITUTE(SUBSTITUTE(SUBSTITUTE(SUBSTITUTE(SUBSTITUTE(SUBSTITUTE(SUBSTITUTE(SUBSTITUTE(SUBSTITUTE(SUBSTITUTE(SUBSTITUTE(SUBSTITUTE(SUBSTITUTE(SUBSTITUTE(SUBSTITUTE(SUBSTITUTE(SUBSTITUTE(SUBSTITUTE(SUBSTITUTE(SUBSTITUTE(SUBSTITUTE(SUBSTITUTE(SUBSTITUTE(SUBSTITUTE(SUBSTITUTE(SUBSTITUTE(SUBSTITUTE(SUBSTITUTE(SUBSTITUTE(SUBSTITUTE(SUBSTITUTE(SUBSTITUTE(SUBSTITUTE(LOWER(TRIM(P8))," ","_"),"!","_"),"#","_"),"$","_"),"%","_"),"&","_"),"'","_"),"(","_"),")","_"),"*","_"),"+","_"),",","_"),"-","_"),".","_"),"/","_"),":","_"),";","_"),"<","_"),"=","_"),">","_"),"?","_"),"@","_"),"[","_"),"\","_"),"]","_"),"^","_"),"`","_"),"{","_"),"|","_"),"}","_"),"~","_"),"–","_"),"—","_"),"’","_"),"“","_"),"”","_"),CHAR(9),"_"),CHAR(160),"_")) | AH8: =IF(AG8="","",SUBSTITUTE(SUBSTITUTE(SUBSTITUTE(SUBSTITUTE(SUBSTITUTE(SUBSTITUTE(SUBSTITUTE(SUBSTITUTE(AG8,"__","_"),"__","_"),"__","_"),"__","_"),"__","_"),"__","_"),"__","_"),"__","_")) | AI8: =IF(OR(AH8="",AH8="_"),"",IF(LEFT(AH8,1)="_",IF(RIGHT(AH8,1)="_",MID(AH8,2,LEN(AH8)-2),RIGHT(AH8,LEN(AH8)-1)),IF(RIGHT(AH8,1)="_",LEFT(AH8,LEN(AH8)-1),AH8)))
A9: Paid Search | B9: UK | C9: paid | D9: intervention | F9: spend | G9: paid_media_cost | H9: optimisable | I9: Bing Ads export | L9: =IF(AC9<>"",AC9,"")&IF(AF9<>"",IF(AC9<>"","_"&AF9,AF9),"")&IF(AI9<>"",IF(AC9<>"","_"&AI9,AI9),"") | M9: =IF(TRIM(K9)<>"",TRIM(K9),L9) | N9: =IF(OR(A9="",B9="",C9="",D9="",F9="",G9="",H9="",I9=""),"Missing required field — fill in channel, market, activity_ownership, intended_model_role, model_input_measure, economic_treatment, planning_eligibility, and source.",IF(L9="","Missing required field — channel must be filled in to build an ID.",IF(COUNTIF($M$8:$M$31,M9)>1,"Duplicate activity ID — two rows currently build the same activity_id; add the next meaningful field, not a random number.",IF(AND(J9<>"",J9<>M9),"Existing activity_id differs from the built ID — review before using.","Ready")))) | O9: Bing | P9: Brand | AA9: =IF(OR(LOWER(TRIM(A9))="",LOWER(TRIM(A9))="nan",LOWER(TRIM(A9))="none",LOWER(TRIM(A9))="n/a"),"",SUBSTITUTE(SUBSTITUTE(SUBSTITUTE(SUBSTITUTE(SUBSTITUTE(SUBSTITUTE(SUBSTITUTE(SUBSTITUTE(SUBSTITUTE(SUBSTITUTE(SUBSTITUTE(SUBSTITUTE(SUBSTITUTE(SUBSTITUTE(SUBSTITUTE(SUBSTITUTE(SUBSTITUTE(SUBSTITUTE(SUBSTITUTE(SUBSTITUTE(SUBSTITUTE(SUBSTITUTE(SUBSTITUTE(SUBSTITUTE(SUBSTITUTE(SUBSTITUTE(SUBSTITUTE(SUBSTITUTE(SUBSTITUTE(SUBSTITUTE(SUBSTITUTE(SUBSTITUTE(SUBSTITUTE(SUBSTITUTE(SUBSTITUTE(SUBSTITUTE(SUBSTITUTE(SUBSTITUTE(LOWER(TRIM(A9))," ","_"),"!","_"),"#","_"),"$","_"),"%","_"),"&","_"),"'","_"),"(","_"),")","_"),"*","_"),"+","_"),",","_"),"-","_"),".","_"),"/","_"),":","_"),";","_"),"<","_"),"=","_"),">","_"),"?","_"),"@","_"),"[","_"),"\","_"),"]","_"),"^","_"),"`","_"),"{","_"),"|","_"),"}","_"),"~","_"),"–","_"),"—","_"),"’","_"),"“","_"),"”","_"),CHAR(9),"_"),CHAR(160),"_")) | AB9: =IF(AA9="","",SUBSTITUTE(SUBSTITUTE(SUBSTITUTE(SUBSTITUTE(SUBSTITUTE(SUBSTITUTE(SUBSTITUTE(SUBSTITUTE(AA9,"__","_"),"__","_"),"__","_"),"__","_"),"__","_"),"__","_"),"__","_"),"__","_")) | AC9: =IF(OR(AB9="",AB9="_"),"",IF(LEFT(AB9,1)="_",IF(RIGHT(AB9,1)="_",MID(AB9,2,LEN(AB9)-2),RIGHT(AB9,LEN(AB9)-1)),IF(RIGHT(AB9,1)="_",LEFT(AB9,LEN(AB9)-1),AB9))) | AD9: =IF(OR(LOWER(TRIM(O9))="",LOWER(TRIM(O9))="nan",LOWER(TRIM(O9))="none",LOWER(TRIM(O9))="n/a"),"",SUBSTITUTE(SUBSTITUTE(SUBSTITUTE(SUBSTITUTE(SUBSTITUTE(SUBSTITUTE(SUBSTITUTE(SUBSTITUTE(SUBSTITUTE(SUBSTITUTE(SUBSTITUTE(SUBSTITUTE(SUBSTITUTE(SUBSTITUTE(SUBSTITUTE(SUBSTITUTE(SUBSTITUTE(SUBSTITUTE(SUBSTITUTE(SUBSTITUTE(SUBSTITUTE(SUBSTITUTE(SUBSTITUTE(SUBSTITUTE(SUBSTITUTE(SUBSTITUTE(SUBSTITUTE(SUBSTITUTE(SUBSTITUTE(SUBSTITUTE(SUBSTITUTE(SUBSTITUTE(SUBSTITUTE(SUBSTITUTE(SUBSTITUTE(SUBSTITUTE(SUBSTITUTE(SUBSTITUTE(LOWER(TRIM(O9))," ","_"),"!","_"),"#","_"),"$","_"),"%","_"),"&","_"),"'","_"),"(","_"),")","_"),"*","_"),"+","_"),",","_"),"-","_"),".","_"),"/","_"),":","_"),";","_"),"<","_"),"=","_"),">","_"),"?","_"),"@","_"),"[","_"),"\","_"),"]","_"),"^","_"),"`","_"),"{","_"),"|","_"),"}","_"),"~","_"),"–","_"),"—","_"),"’","_"),"“","_"),"”","_"),CHAR(9),"_"),CHAR(160),"_")) | AE9: =IF(AD9="","",SUBSTITUTE(SUBSTITUTE(SUBSTITUTE(SUBSTITUTE(SUBSTITUTE(SUBSTITUTE(SUBSTITUTE(SUBSTITUTE(AD9,"__","_"),"__","_"),"__","_"),"__","_"),"__","_"),"__","_"),"__","_"),"__","_")) | AF9: =IF(OR(AE9="",AE9="_"),"",IF(LEFT(AE9,1)="_",IF(RIGHT(AE9,1)="_",MID(AE9,2,LEN(AE9)-2),RIGHT(AE9,LEN(AE9)-1)),IF(RIGHT(AE9,1)="_",LEFT(AE9,LEN(AE9)-1),AE9))) | AG9: =IF(OR(LOWER(TRIM(P9))="",LOWER(TRIM(P9))="nan",LOWER(TRIM(P9))="none",LOWER(TRIM(P9))="n/a"),"",SUBSTITUTE(SUBSTITUTE(SUBSTITUTE(SUBSTITUTE(SUBSTITUTE(SUBSTITUTE(SUBSTITUTE(SUBSTITUTE(SUBSTITUTE(SUBSTITUTE(SUBSTITUTE(SUBSTITUTE(SUBSTITUTE(SUBSTITUTE(SUBSTITUTE(SUBSTITUTE(SUBSTITUTE(SUBSTITUTE(SUBSTITUTE(SUBSTITUTE(SUBSTITUTE(SUBSTITUTE(SUBSTITUTE(SUBSTITUTE(SUBSTITUTE(SUBSTITUTE(SUBSTITUTE(SUBSTITUTE(SUBSTITUTE(SUBSTITUTE(SUBSTITUTE(SUBSTITUTE(SUBSTITUTE(SUBSTITUTE(SUBSTITUTE(SUBSTITUTE(SUBSTITUTE(SUBSTITUTE(LOWER(TRIM(P9))," ","_"),"!","_"),"#","_"),"$","_"),"%","_"),"&","_"),"'","_"),"(","_"),")","_"),"*","_"),"+","_"),",","_"),"-","_"),".","_"),"/","_"),":","_"),";","_"),"<","_"),"=","_"),">","_"),"?","_"),"@","_"),"[","_"),"\","_"),"]","_"),"^","_"),"`","_"),"{","_"),"|","_"),"}","_"),"~","_"),"–","_"),"—","_"),"’","_"),"“","_"),"”","_"),CHAR(9),"_"),CHAR(160),"_")) | AH9: =IF(AG9="","",SUBSTITUTE(SUBSTITUTE(SUBSTITUTE(SUBSTITUTE(SUBSTITUTE(SUBSTITUTE(SUBSTITUTE(SUBSTITUTE(AG9,"__","_"),"__","_"),"__","_"),"__","_"),"__","_"),"__","_"),"__","_"),"__","_")) | AI9: =IF(OR(AH9="",AH9="_"),"",IF(LEFT(AH9,1)="_",IF(RIGHT(AH9,1)="_",MID(AH9,2,LEN(AH9)-2),RIGHT(AH9,LEN(AH9)-1)),IF(RIGHT(AH9,1)="_",LEFT(AH9,LEN(AH9)-1),AH9)))
A10: TV | B10: UK | C10: paid | D10: intervention | F10: spend | G10: paid_media_cost | H10: optimisable | I10: Broadcaster invoice | L10: =IF(AC10<>"",AC10,"")&IF(AF10<>"",IF(AC10<>"","_"&AF10,AF10),"")&IF(AI10<>"",IF(AC10<>"","_"&AI10,AI10),"") | M10: =IF(TRIM(K10)<>"",TRIM(K10),L10) | N10: =IF(OR(A10="",B10="",C10="",D10="",F10="",G10="",H10="",I10=""),"Missing required field — fill in channel, market, activity_ownership, intended_model_role, model_input_measure, economic_treatment, planning_eligibility, and source.",IF(L10="","Missing required field — channel must be filled in to build an ID.",IF(COUNTIF($M$8:$M$31,M10)>1,"Duplicate activity ID — two rows currently build the same activity_id; add the next meaningful field, not a random number.",IF(AND(J10<>"",J10<>M10),"Existing activity_id differs from the built ID — review before using.","Ready")))) | AA10: =IF(OR(LOWER(TRIM(A10))="",LOWER(TRIM(A10))="nan",LOWER(TRIM(A10))="none",LOWER(TRIM(A10))="n/a"),"",SUBSTITUTE(SUBSTITUTE(SUBSTITUTE(SUBSTITUTE(SUBSTITUTE(SUBSTITUTE(SUBSTITUTE(SUBSTITUTE(SUBSTITUTE(SUBSTITUTE(SUBSTITUTE(SUBSTITUTE(SUBSTITUTE(SUBSTITUTE(SUBSTITUTE(SUBSTITUTE(SUBSTITUTE(SUBSTITUTE(SUBSTITUTE(SUBSTITUTE(SUBSTITUTE(SUBSTITUTE(SUBSTITUTE(SUBSTITUTE(SUBSTITUTE(SUBSTITUTE(SUBSTITUTE(SUBSTITUTE(SUBSTITUTE(SUBSTITUTE(SUBSTITUTE(SUBSTITUTE(SUBSTITUTE(SUBSTITUTE(SUBSTITUTE(SUBSTITUTE(SUBSTITUTE(SUBSTITUTE(LOWER(TRIM(A10))," ","_"),"!","_"),"#","_"),"$","_"),"%","_"),"&","_"),"'","_"),"(","_"),")","_"),"*","_"),"+","_"),",","_"),"-","_"),".","_"),"/","_"),":","_"),";","_"),"<","_"),"=","_"),">","_"),"?","_"),"@","_"),"[","_"),"\","_"),"]","_"),"^","_"),"`","_"),"{","_"),"|","_"),"}","_"),"~","_"),"–","_"),"—","_"),"’","_"),"“","_"),"”","_"),CHAR(9),"_"),CHAR(160),"_")) | AB10: =IF(AA10="","",SUBSTITUTE(SUBSTITUTE(SUBSTITUTE(SUBSTITUTE(SUBSTITUTE(SUBSTITUTE(SUBSTITUTE(SUBSTITUTE(AA10,"__","_"),"__","_"),"__","_"),"__","_"),"__","_"),"__","_"),"__","_"),"__","_")) | AC10: =IF(OR(AB10="",AB10="_"),"",IF(LEFT(AB10,1)="_",IF(RIGHT(AB10,1)="_",MID(AB10,2,LEN(AB10)-2),RIGHT(AB10,LEN(AB10)-1)),IF(RIGHT(AB10,1)="_",LEFT(AB10,LEN(AB10)-1),AB10))) | AD10: =IF(OR(LOWER(TRIM(O10))="",LOWER(TRIM(O10))="nan",LOWER(TRIM(O10))="none",LOWER(TRIM(O10))="n/a"),"",SUBSTITUTE(SUBSTITUTE(SUBSTITUTE(SUBSTITUTE(SUBSTITUTE(SUBSTITUTE(SUBSTITUTE(SUBSTITUTE(SUBSTITUTE(SUBSTITUTE(SUBSTITUTE(SUBSTITUTE(SUBSTITUTE(SUBSTITUTE(SUBSTITUTE(SUBSTITUTE(SUBSTITUTE(SUBSTITUTE(SUBSTITUTE(SUBSTITUTE(SUBSTITUTE(SUBSTITUTE(SUBSTITUTE(SUBSTITUTE(SUBSTITUTE(SUBSTITUTE(SUBSTITUTE(SUBSTITUTE(SUBSTITUTE(SUBSTITUTE(SUBSTITUTE(SUBSTITUTE(SUBSTITUTE(SUBSTITUTE(SUBSTITUTE(SUBSTITUTE(SUBSTITUTE(SUBSTITUTE(LOWER(TRIM(O10))," ","_"),"!","_"),"#","_"),"$","_"),"%","_"),"&","_"),"'","_"),"(","_"),")","_"),"*","_"),"+","_"),",","_"),"-","_"),".","_"),"/","_"),":","_"),";","_"),"<","_"),"=","_"),">","_"),"?","_"),"@","_"),"[","_"),"\","_"),"]","_"),"^","_"),"`","_"),"{","_"),"|","_"),"}","_"),"~","_"),"–","_"),"—","_"),"’","_"),"“","_"),"”","_"),CHAR(9),"_"),CHAR(160),"_")) | AE10: =IF(AD10="","",SUBSTITUTE(SUBSTITUTE(SUBSTITUTE(SUBSTITUTE(SUBSTITUTE(SUBSTITUTE(SUBSTITUTE(SUBSTITUTE(AD10,"__","_"),"__","_"),"__","_"),"__","_"),"__","_"),"__","_"),"__","_"),"__","_")) | AF10: =IF(OR(AE10="",AE10="_"),"",IF(LEFT(AE10,1)="_",IF(RIGHT(AE10,1)="_",MID(AE10,2,LEN(AE10)-2),RIGHT(AE10,LEN(AE10)-1)),IF(RIGHT(AE10,1)="_",LEFT(AE10,LEN(AE10)-1),AE10))) | AG10: =IF(OR(LOWER(TRIM(P10))="",LOWER(TRIM(P10))="nan",LOWER(TRIM(P10))="none",LOWER(TRIM(P10))="n/a"),"",SUBSTITUTE(SUBSTITUTE(SUBSTITUTE(SUBSTITUTE(SUBSTITUTE(SUBSTITUTE(SUBSTITUTE(SUBSTITUTE(SUBSTITUTE(SUBSTITUTE(SUBSTITUTE(SUBSTITUTE(SUBSTITUTE(SUBSTITUTE(SUBSTITUTE(SUBSTITUTE(SUBSTITUTE(SUBSTITUTE(SUBSTITUTE(SUBSTITUTE(SUBSTITUTE(SUBSTITUTE(SUBSTITUTE(SUBSTITUTE(SUBSTITUTE(SUBSTITUTE(SUBSTITUTE(SUBSTITUTE(SUBSTITUTE(SUBSTITUTE(SUBSTITUTE(SUBSTITUTE(SUBSTITUTE(SUBSTITUTE(SUBSTITUTE(SUBSTITUTE(SUBSTITUTE(SUBSTITUTE(LOWER(TRIM(P10))," ","_"),"!","_"),"#","_"),"$","_"),"%","_"),"&","_"),"'","_"),"(","_"),")","_"),"*","_"),"+","_"),",","_"),"-","_"),".","_"),"/","_"),":","_"),";","_"),"<","_"),"=","_"),">","_"),"?","_"),"@","_"),"[","_"),"\","_"),"]","_"),"^","_"),"`","_"),"{","_"),"|","_"),"}","_"),"~","_"),"–","_"),"—","_"),"’","_"),"“","_"),"”","_"),CHAR(9),"_"),CHAR(160),"_")) | AH10: =IF(AG10="","",SUBSTITUTE(SUBSTITUTE(SUBSTITUTE(SUBSTITUTE(SUBSTITUTE(SUBSTITUTE(SUBSTITUTE(SUBSTITUTE(AG10,"__","_"),"__","_"),"__","_"),"__","_"),"__","_"),"__","_"),"__","_"),"__","_")) | AI10: =IF(OR(AH10="",AH10="_"),"",IF(LEFT(AH10,1)="_",IF(RIGHT(AH10,1)="_",MID(AH10,2,LEN(AH10)-2),RIGHT(AH10,LEN(AH10)-1)),IF(RIGHT(AH10,1)="_",LEFT(AH10,LEN(AH10)-1),AH10)))
A11: SEO | B11: UK | C11: owned | D11: demand_capture | F11: clicks | G11: response_only | H11: scenario_only | I11: Google Search Console | L11: =IF(AC11<>"",AC11,"")&IF(AF11<>"",IF(AC11<>"","_"&AF11,AF11),"")&IF(AI11<>"",IF(AC11<>"","_"&AI11,AI11),"") | M11: =IF(TRIM(K11)<>"",TRIM(K11),L11) | N11: =IF(OR(A11="",B11="",C11="",D11="",F11="",G11="",H11="",I11=""),"Missing required field — fill in channel, market, activity_ownership, intended_model_role, model_input_measure, economic_treatment, planning_eligibility, and source.",IF(L11="","Missing required field — channel must be filled in to build an ID.",IF(COUNTIF($M$8:$M$31,M11)>1,"Duplicate activity ID — two rows currently build the same activity_id; add the next meaningful field, not a random number.",IF(AND(J11<>"",J11<>M11),"Existing activity_id differs from the built ID — review before using.","Ready")))) | AA11: =IF(OR(LOWER(TRIM(A11))="",LOWER(TRIM(A11))="nan",LOWER(TRIM(A11))="none",LOWER(TRIM(A11))="n/a"),"",SUBSTITUTE(SUBSTITUTE(SUBSTITUTE(SUBSTITUTE(SUBSTITUTE(SUBSTITUTE(SUBSTITUTE(SUBSTITUTE(SUBSTITUTE(SUBSTITUTE(SUBSTITUTE(SUBSTITUTE(SUBSTITUTE(SUBSTITUTE(SUBSTITUTE(SUBSTITUTE(SUBSTITUTE(SUBSTITUTE(SUBSTITUTE(SUBSTITUTE(SUBSTITUTE(SUBSTITUTE(SUBSTITUTE(SUBSTITUTE(SUBSTITUTE(SUBSTITUTE(SUBSTITUTE(SUBSTITUTE(SUBSTITUTE(SUBSTITUTE(SUBSTITUTE(SUBSTITUTE(SUBSTITUTE(SUBSTITUTE(SUBSTITUTE(SUBSTITUTE(SUBSTITUTE(SUBSTITUTE(LOWER(TRIM(A11))," ","_"),"!","_"),"#","_"),"$","_"),"%","_"),"&","_"),"'","_"),"(","_"),")","_"),"*","_"),"+","_"),",","_"),"-","_"),".","_"),"/","_"),":","_"),";","_"),"<","_"),"=","_"),">","_"),"?","_"),"@","_"),"[","_"),"\","_"),"]","_"),"^","_"),"`","_"),"{","_"),"|","_"),"}","_"),"~","_"),"–","_"),"—","_"),"’","_"),"“","_"),"”","_"),CHAR(9),"_"),CHAR(160),"_")) | AB11: =IF(AA11="","",SUBSTITUTE(SUBSTITUTE(SUBSTITUTE(SUBSTITUTE(SUBSTITUTE(SUBSTITUTE(SUBSTITUTE(SUBSTITUTE(AA11,"__","_"),"__","_"),"__","_"),"__","_"),"__","_"),"__","_"),"__","_"),"__","_")) | AC11: =IF(OR(AB11="",AB11="_"),"",IF(LEFT(AB11,1)="_",IF(RIGHT(AB11,1)="_",MID(AB11,2,LEN(AB11)-2),RIGHT(AB11,LEN(AB11)-1)),IF(RIGHT(AB11,1)="_",LEFT(AB11,LEN(AB11)-1),AB11))) | AD11: =IF(OR(LOWER(TRIM(O11))="",LOWER(TRIM(O11))="nan",LOWER(TRIM(O11))="none",LOWER(TRIM(O11))="n/a"),"",SUBSTITUTE(SUBSTITUTE(SUBSTITUTE(SUBSTITUTE(SUBSTITUTE(SUBSTITUTE(SUBSTITUTE(SUBSTITUTE(SUBSTITUTE(SUBSTITUTE(SUBSTITUTE(SUBSTITUTE(SUBSTITUTE(SUBSTITUTE(SUBSTITUTE(SUBSTITUTE(SUBSTITUTE(SUBSTITUTE(SUBSTITUTE(SUBSTITUTE(SUBSTITUTE(SUBSTITUTE(SUBSTITUTE(SUBSTITUTE(SUBSTITUTE(SUBSTITUTE(SUBSTITUTE(SUBSTITUTE(SUBSTITUTE(SUBSTITUTE(SUBSTITUTE(SUBSTITUTE(SUBSTITUTE(SUBSTITUTE(SUBSTITUTE(SUBSTITUTE(SUBSTITUTE(SUBSTITUTE(LOWER(TRIM(O11))," ","_"),"!","_"),"#","_"),"$","_"),"%","_"),"&","_"),"'","_"),"(","_"),")","_"),"*","_"),"+","_"),",","_"),"-","_"),".","_"),"/","_"),":","_"),";","_"),"<","_"),"=","_"),">","_"),"?","_"),"@","_"),"[","_"),"\","_"),"]","_"),"^","_"),"`","_"),"{","_"),"|","_"),"}","_"),"~","_"),"–","_"),"—","_"),"’","_"),"“","_"),"”","_"),CHAR(9),"_"),CHAR(160),"_")) | AE11: =IF(AD11="","",SUBSTITUTE(SUBSTITUTE(SUBSTITUTE(SUBSTITUTE(SUBSTITUTE(SUBSTITUTE(SUBSTITUTE(SUBSTITUTE(AD11,"__","_"),"__","_"),"__","_"),"__","_"),"__","_"),"__","_"),"__","_"),"__","_")) | AF11: =IF(OR(AE11="",AE11="_"),"",IF(LEFT(AE11,1)="_",IF(RIGHT(AE11,1)="_",MID(AE11,2,LEN(AE11)-2),RIGHT(AE11,LEN(AE11)-1)),IF(RIGHT(AE11,1)="_",LEFT(AE11,LEN(AE11)-1),AE11))) | AG11: =IF(OR(LOWER(TRIM(P11))="",LOWER(TRIM(P11))="nan",LOWER(TRIM(P11))="none",LOWER(TRIM(P11))="n/a"),"",SUBSTITUTE(SUBSTITUTE(SUBSTITUTE(SUBSTITUTE(SUBSTITUTE(SUBSTITUTE(SUBSTITUTE(SUBSTITUTE(SUBSTITUTE(SUBSTITUTE(SUBSTITUTE(SUBSTITUTE(SUBSTITUTE(SUBSTITUTE(SUBSTITUTE(SUBSTITUTE(SUBSTITUTE(SUBSTITUTE(SUBSTITUTE(SUBSTITUTE(SUBSTITUTE(SUBSTITUTE(SUBSTITUTE(SUBSTITUTE(SUBSTITUTE(SUBSTITUTE(SUBSTITUTE(SUBSTITUTE(SUBSTITUTE(SUBSTITUTE(SUBSTITUTE(SUBSTITUTE(SUBSTITUTE(SUBSTITUTE(SUBSTITUTE(SUBSTITUTE(SUBSTITUTE(SUBSTITUTE(LOWER(TRIM(P11))," ","_"),"!","_"),"#","_"),"$","_"),"%","_"),"&","_"),"'","_"),"(","_"),")","_"),"*","_"),"+","_"),",","_"),"-","_"),".","_"),"/","_"),":","_"),";","_"),"<","_"),"=","_"),">","_"),"?","_"),"@","_"),"[","_"),"\","_"),"]","_"),"^","_"),"`","_"),"{","_"),"|","_"),"}","_"),"~","_"),"–","_"),"—","_"),"’","_"),"“","_"),"”","_"),CHAR(9),"_"),CHAR(160),"_")) | AH11: =IF(AG11="","",SUBSTITUTE(SUBSTITUTE(SUBSTITUTE(SUBSTITUTE(SUBSTITUTE(SUBSTITUTE(SUBSTITUTE(SUBSTITUTE(AG11,"__","_"),"__","_"),"__","_"),"__","_"),"__","_"),"__","_"),"__","_"),"__","_")) | AI11: =IF(OR(AH11="",AH11="_"),"",IF(LEFT(AH11,1)="_",IF(RIGHT(AH11,1)="_",MID(AH11,2,LEN(AH11)-2),RIGHT(AH11,LEN(AH11)-1)),IF(RIGHT(AH11,1)="_",LEFT(AH11,LEN(AH11)-1),AH11)))
L12: =IF(AC12<>"",AC12,"")&IF(AF12<>"",IF(AC12<>"","_"&AF12,AF12),"")&IF(AI12<>"",IF(AC12<>"","_"&AI12,AI12),"") | M12: =IF(TRIM(K12)<>"",TRIM(K12),L12) | N12: =IF(OR(A12="",B12="",C12="",D12="",F12="",G12="",H12="",I12=""),"Missing required field — fill in channel, market, activity_ownership, intended_model_role, model_input_measure, economic_treatment, planning_eligibility, and source.",IF(L12="","Missing required field — channel must be filled in to build an ID.",IF(COUNTIF($M$8:$M$31,M12)>1,"Duplicate activity ID — two rows currently build the same activity_id; add the next meaningful field, not a random number.",IF(AND(J12<>"",J12<>M12),"Existing activity_id differs from the built ID — review before using.","Ready")))) | AA12: =IF(OR(LOWER(TRIM(A12))="",LOWER(TRIM(A12))="nan",LOWER(TRIM(A12))="none",LOWER(TRIM(A12))="n/a"),"",SUBSTITUTE(SUBSTITUTE(SUBSTITUTE(SUBSTITUTE(SUBSTITUTE(SUBSTITUTE(SUBSTITUTE(SUBSTITUTE(SUBSTITUTE(SUBSTITUTE(SUBSTITUTE(SUBSTITUTE(SUBSTITUTE(SUBSTITUTE(SUBSTITUTE(SUBSTITUTE(SUBSTITUTE(SUBSTITUTE(SUBSTITUTE(SUBSTITUTE(SUBSTITUTE(SUBSTITUTE(SUBSTITUTE(SUBSTITUTE(SUBSTITUTE(SUBSTITUTE(SUBSTITUTE(SUBSTITUTE(SUBSTITUTE(SUBSTITUTE(SUBSTITUTE(SUBSTITUTE(SUBSTITUTE(SUBSTITUTE(SUBSTITUTE(SUBSTITUTE(SUBSTITUTE(SUBSTITUTE(LOWER(TRIM(A12))," ","_"),"!","_"),"#","_"),"$","_"),"%","_"),"&","_"),"'","_"),"(","_"),")","_"),"*","_"),"+","_"),",","_"),"-","_"),".","_"),"/","_"),":","_"),";","_"),"<","_"),"=","_"),">","_"),"?","_"),"@","_"),"[","_"),"\","_"),"]","_"),"^","_"),"`","_"),"{","_"),"|","_"),"}","_"),"~","_"),"–","_"),"—","_"),"’","_"),"“","_"),"”","_"),CHAR(9),"_"),CHAR(160),"_")) | AB12: =IF(AA12="","",SUBSTITUTE(SUBSTITUTE(SUBSTITUTE(SUBSTITUTE(SUBSTITUTE(SUBSTITUTE(SUBSTITUTE(SUBSTITUTE(AA12,"__","_"),"__","_"),"__","_"),"__","_"),"__","_"),"__","_"),"__","_"),"__","_")) | AC12: =IF(OR(AB12="",AB12="_"),"",IF(LEFT(AB12,1)="_",IF(RIGHT(AB12,1)="_",MID(AB12,2,LEN(AB12)-2),RIGHT(AB12,LEN(AB12)-1)),IF(RIGHT(AB12,1)="_",LEFT(AB12,LEN(AB12)-1),AB12))) | AD12: =IF(OR(LOWER(TRIM(O12))="",LOWER(TRIM(O12))="nan",LOWER(TRIM(O12))="none",LOWER(TRIM(O12))="n/a"),"",SUBSTITUTE(SUBSTITUTE(SUBSTITUTE(SUBSTITUTE(SUBSTITUTE(SUBSTITUTE(SUBSTITUTE(SUBSTITUTE(SUBSTITUTE(SUBSTITUTE(SUBSTITUTE(SUBSTITUTE(SUBSTITUTE(SUBSTITUTE(SUBSTITUTE(SUBSTITUTE(SUBSTITUTE(SUBSTITUTE(SUBSTITUTE(SUBSTITUTE(SUBSTITUTE(SUBSTITUTE(SUBSTITUTE(SUBSTITUTE(SUBSTITUTE(SUBSTITUTE(SUBSTITUTE(SUBSTITUTE(SUBSTITUTE(SUBSTITUTE(SUBSTITUTE(SUBSTITUTE(SUBSTITUTE(SUBSTITUTE(SUBSTITUTE(SUBSTITUTE(SUBSTITUTE(SUBSTITUTE(LOWER(TRIM(O12))," ","_"),"!","_"),"#","_"),"$","_"),"%","_"),"&","_"),"'","_"),"(","_"),")","_"),"*","_"),"+","_"),",","_"),"-","_"),".","_"),"/","_"),":","_"),";","_"),"<","_"),"=","_"),">","_"),"?","_"),"@","_"),"[","_"),"\","_"),"]","_"),"^","_"),"`","_"),"{","_"),"|","_"),"}","_"),"~","_"),"–","_"),"—","_"),"’","_"),"“","_"),"”","_"),CHAR(9),"_"),CHAR(160),"_")) | AE12: =IF(AD12="","",SUBSTITUTE(SUBSTITUTE(SUBSTITUTE(SUBSTITUTE(SUBSTITUTE(SUBSTITUTE(SUBSTITUTE(SUBSTITUTE(AD12,"__","_"),"__","_"),"__","_"),"__","_"),"__","_"),"__","_"),"__","_"),"__","_")) | AF12: =IF(OR(AE12="",AE12="_"),"",IF(LEFT(AE12,1)="_",IF(RIGHT(AE12,1)="_",MID(AE12,2,LEN(AE12)-2),RIGHT(AE12,LEN(AE12)-1)),IF(RIGHT(AE12,1)="_",LEFT(AE12,LEN(AE12)-1),AE12))) | AG12: =IF(OR(LOWER(TRIM(P12))="",LOWER(TRIM(P12))="nan",LOWER(TRIM(P12))="none",LOWER(TRIM(P12))="n/a"),"",SUBSTITUTE(SUBSTITUTE(SUBSTITUTE(SUBSTITUTE(SUBSTITUTE(SUBSTITUTE(SUBSTITUTE(SUBSTITUTE(SUBSTITUTE(SUBSTITUTE(SUBSTITUTE(SUBSTITUTE(SUBSTITUTE(SUBSTITUTE(SUBSTITUTE(SUBSTITUTE(SUBSTITUTE(SUBSTITUTE(SUBSTITUTE(SUBSTITUTE(SUBSTITUTE(SUBSTITUTE(SUBSTITUTE(SUBSTITUTE(SUBSTITUTE(SUBSTITUTE(SUBSTITUTE(SUBSTITUTE(SUBSTITUTE(SUBSTITUTE(SUBSTITUTE(SUBSTITUTE(SUBSTITUTE(SUBSTITUTE(SUBSTITUTE(SUBSTITUTE(SUBSTITUTE(SUBSTITUTE(LOWER(TRIM(P12))," ","_"),"!","_"),"#","_"),"$","_"),"%","_"),"&","_"),"'","_"),"(","_"),")","_"),"*","_"),"+","_"),",","_"),"-","_"),".","_"),"/","_"),":","_"),";","_"),"<","_"),"=","_"),">","_"),"?","_"),"@","_"),"[","_"),"\","_"),"]","_"),"^","_"),"`","_"),"{","_"),"|","_"),"}","_"),"~","_"),"–","_"),"—","_"),"’","_"),"“","_"),"”","_"),CHAR(9),"_"),CHAR(160),"_")) | AH12: =IF(AG12="","",SUBSTITUTE(SUBSTITUTE(SUBSTITUTE(SUBSTITUTE(SUBSTITUTE(SUBSTITUTE(SUBSTITUTE(SUBSTITUTE(AG12,"__","_"),"__","_"),"__","_"),"__","_"),"__","_"),"__","_"),"__","_"),"__","_")) | AI12: =IF(OR(AH12="",AH12="_"),"",IF(LEFT(AH12,1)="_",IF(RIGHT(AH12,1)="_",MID(AH12,2,LEN(AH12)-2),RIGHT(AH12,LEN(AH12)-1)),IF(RIGHT(AH12,1)="_",LEFT(AH12,LEN(AH12)-1),AH12)))
L13: =IF(AC13<>"",AC13,"")&IF(AF13<>"",IF(AC13<>"","_"&AF13,AF13),"")&IF(AI13<>"",IF(AC13<>"","_"&AI13,AI13),"") | M13: =IF(TRIM(K13)<>"",TRIM(K13),L13) | N13: =IF(OR(A13="",B13="",C13="",D13="",F13="",G13="",H13="",I13=""),"Missing required field — fill in channel, market, activity_ownership, intended_model_role, model_input_measure, economic_treatment, planning_eligibility, and source.",IF(L13="","Missing required field — channel must be filled in to build an ID.",IF(COUNTIF($M$8:$M$31,M13)>1,"Duplicate activity ID — two rows currently build the same activity_id; add the next meaningful field, not a random number.",IF(AND(J13<>"",J13<>M13),"Existing activity_id differs from the built ID — review before using.","Ready")))) | AA13: =IF(OR(LOWER(TRIM(A13))="",LOWER(TRIM(A13))="nan",LOWER(TRIM(A13))="none",LOWER(TRIM(A13))="n/a"),"",SUBSTITUTE(SUBSTITUTE(SUBSTITUTE(SUBSTITUTE(SUBSTITUTE(SUBSTITUTE(SUBSTITUTE(SUBSTITUTE(SUBSTITUTE(SUBSTITUTE(SUBSTITUTE(SUBSTITUTE(SUBSTITUTE(SUBSTITUTE(SUBSTITUTE(SUBSTITUTE(SUBSTITUTE(SUBSTITUTE(SUBSTITUTE(SUBSTITUTE(SUBSTITUTE(SUBSTITUTE(SUBSTITUTE(SUBSTITUTE(SUBSTITUTE(SUBSTITUTE(SUBSTITUTE(SUBSTITUTE(SUBSTITUTE(SUBSTITUTE(SUBSTITUTE(SUBSTITUTE(SUBSTITUTE(SUBSTITUTE(SUBSTITUTE(SUBSTITUTE(SUBSTITUTE(SUBSTITUTE(LOWER(TRIM(A13))," ","_"),"!","_"),"#","_"),"$","_"),"%","_"),"&","_"),"'","_"),"(","_"),")","_"),"*","_"),"+","_"),",","_"),"-","_"),".","_"),"/","_"),":","_"),";","_"),"<","_"),"=","_"),">","_"),"?","_"),"@","_"),"[","_"),"\","_"),"]","_"),"^","_"),"`","_"),"{","_"),"|","_"),"}","_"),"~","_"),"–","_"),"—","_"),"’","_"),"“","_"),"”","_"),CHAR(9),"_"),CHAR(160),"_")) | AB13: =IF(AA13="","",SUBSTITUTE(SUBSTITUTE(SUBSTITUTE(SUBSTITUTE(SUBSTITUTE(SUBSTITUTE(SUBSTITUTE(SUBSTITUTE(AA13,"__","_"),"__","_"),"__","_"),"__","_"),"__","_"),"__","_"),"__","_"),"__","_")) | AC13: =IF(OR(AB13="",AB13="_"),"",IF(LEFT(AB13,1)="_",IF(RIGHT(AB13,1)="_",MID(AB13,2,LEN(AB13)-2),RIGHT(AB13,LEN(AB13)-1)),IF(RIGHT(AB13,1)="_",LEFT(AB13,LEN(AB13)-1),AB13))) | AD13: =IF(OR(LOWER(TRIM(O13))="",LOWER(TRIM(O13))="nan",LOWER(TRIM(O13))="none",LOWER(TRIM(O13))="n/a"),"",SUBSTITUTE(SUBSTITUTE(SUBSTITUTE(SUBSTITUTE(SUBSTITUTE(SUBSTITUTE(SUBSTITUTE(SUBSTITUTE(SUBSTITUTE(SUBSTITUTE(SUBSTITUTE(SUBSTITUTE(SUBSTITUTE(SUBSTITUTE(SUBSTITUTE(SUBSTITUTE(SUBSTITUTE(SUBSTITUTE(SUBSTITUTE(SUBSTITUTE(SUBSTITUTE(SUBSTITUTE(SUBSTITUTE(SUBSTITUTE(SUBSTITUTE(SUBSTITUTE(SUBSTITUTE(SUBSTITUTE(SUBSTITUTE(SUBSTITUTE(SUBSTITUTE(SUBSTITUTE(SUBSTITUTE(SUBSTITUTE(SUBSTITUTE(SUBSTITUTE(SUBSTITUTE(SUBSTITUTE(LOWER(TRIM(O13))," ","_"),"!","_"),"#","_"),"$","_"),"%","_"),"&","_"),"'","_"),"(","_"),")","_"),"*","_"),"+","_"),",","_"),"-","_"),".","_"),"/","_"),":","_"),";","_"),"<","_"),"=","_"),">","_"),"?","_"),"@","_"),"[","_"),"\","_"),"]","_"),"^","_"),"`","_"),"{","_"),"|","_"),"}","_"),"~","_"),"–","_"),"—","_"),"’","_"),"“","_"),"”","_"),CHAR(9),"_"),CHAR(160),"_")) | AE13: =IF(AD13="","",SUBSTITUTE(SUBSTITUTE(SUBSTITUTE(SUBSTITUTE(SUBSTITUTE(SUBSTITUTE(SUBSTITUTE(SUBSTITUTE(AD13,"__","_"),"__","_"),"__","_"),"__","_"),"__","_"),"__","_"),"__","_"),"__","_")) | AF13: =IF(OR(AE13="",AE13="_"),"",IF(LEFT(AE13,1)="_",IF(RIGHT(AE13,1)="_",MID(AE13,2,LEN(AE13)-2),RIGHT(AE13,LEN(AE13)-1)),IF(RIGHT(AE13,1)="_",LEFT(AE13,LEN(AE13)-1),AE13))) | AG13: =IF(OR(LOWER(TRIM(P13))="",LOWER(TRIM(P13))="nan",LOWER(TRIM(P13))="none",LOWER(TRIM(P13))="n/a"),"",SUBSTITUTE(SUBSTITUTE(SUBSTITUTE(SUBSTITUTE(SUBSTITUTE(SUBSTITUTE(SUBSTITUTE(SUBSTITUTE(SUBSTITUTE(SUBSTITUTE(SUBSTITUTE(SUBSTITUTE(SUBSTITUTE(SUBSTITUTE(SUBSTITUTE(SUBSTITUTE(SUBSTITUTE(SUBSTITUTE(SUBSTITUTE(SUBSTITUTE(SUBSTITUTE(SUBSTITUTE(SUBSTITUTE(SUBSTITUTE(SUBSTITUTE(SUBSTITUTE(SUBSTITUTE(SUBSTITUTE(SUBSTITUTE(SUBSTITUTE(SUBSTITUTE(SUBSTITUTE(SUBSTITUTE(SUBSTITUTE(SUBSTITUTE(SUBSTITUTE(SUBSTITUTE(SUBSTITUTE(LOWER(TRIM(P13))," ","_"),"!","_"),"#","_"),"$","_"),"%","_"),"&","_"),"'","_"),"(","_"),")","_"),"*","_"),"+","_"),",","_"),"-","_"),".","_"),"/","_"),":","_"),";","_"),"<","_"),"=","_"),">","_"),"?","_"),"@","_"),"[","_"),"\","_"),"]","_"),"^","_"),"`","_"),"{","_"),"|","_"),"}","_"),"~","_"),"–","_"),"—","_"),"’","_"),"“","_"),"”","_"),CHAR(9),"_"),CHAR(160),"_")) | AH13: =IF(AG13="","",SUBSTITUTE(SUBSTITUTE(SUBSTITUTE(SUBSTITUTE(SUBSTITUTE(SUBSTITUTE(SUBSTITUTE(SUBSTITUTE(AG13,"__","_"),"__","_"),"__","_"),"__","_"),"__","_"),"__","_"),"__","_"),"__","_")) | AI13: =IF(OR(AH13="",AH13="_"),"",IF(LEFT(AH13,1)="_",IF(RIGHT(AH13,1)="_",MID(AH13,2,LEN(AH13)-2),RIGHT(AH13,LEN(AH13)-1)),IF(RIGHT(AH13,1)="_",LEFT(AH13,LEN(AH13)-1),AH13)))
L14: =IF(AC14<>"",AC14,"")&IF(AF14<>"",IF(AC14<>"","_"&AF14,AF14),"")&IF(AI14<>"",IF(AC14<>"","_"&AI14,AI14),"") | M14: =IF(TRIM(K14)<>"",TRIM(K14),L14) | N14: =IF(OR(A14="",B14="",C14="",D14="",F14="",G14="",H14="",I14=""),"Missing required field — fill in channel, market, activity_ownership, intended_model_role, model_input_measure, economic_treatment, planning_eligibility, and source.",IF(L14="","Missing required field — channel must be filled in to build an ID.",IF(COUNTIF($M$8:$M$31,M14)>1,"Duplicate activity ID — two rows currently build the same activity_id; add the next meaningful field, not a random number.",IF(AND(J14<>"",J14<>M14),"Existing activity_id differs from the built ID — review before using.","Ready")))) | AA14: =IF(OR(LOWER(TRIM(A14))="",LOWER(TRIM(A14))="nan",LOWER(TRIM(A14))="none",LOWER(TRIM(A14))="n/a"),"",SUBSTITUTE(SUBSTITUTE(SUBSTITUTE(SUBSTITUTE(SUBSTITUTE(SUBSTITUTE(SUBSTITUTE(SUBSTITUTE(SUBSTITUTE(SUBSTITUTE(SUBSTITUTE(SUBSTITUTE(SUBSTITUTE(SUBSTITUTE(SUBSTITUTE(SUBSTITUTE(SUBSTITUTE(SUBSTITUTE(SUBSTITUTE(SUBSTITUTE(SUBSTITUTE(SUBSTITUTE(SUBSTITUTE(SUBSTITUTE(SUBSTITUTE(SUBSTITUTE(SUBSTITUTE(SUBSTITUTE(SUBSTITUTE(SUBSTITUTE(SUBSTITUTE(SUBSTITUTE(SUBSTITUTE(SUBSTITUTE(SUBSTITUTE(SUBSTITUTE(SUBSTITUTE(SUBSTITUTE(LOWER(TRIM(A14))," ","_"),"!","_"),"#","_"),"$","_"),"%","_"),"&","_"),"'","_"),"(","_"),")","_"),"*","_"),"+","_"),",","_"),"-","_"),".","_"),"/","_"),":","_"),";","_"),"<","_"),"=","_"),">","_"),"?","_"),"@","_"),"[","_"),"\","_"),"]","_"),"^","_"),"`","_"),"{","_"),"|","_"),"}","_"),"~","_"),"–","_"),"—","_"),"’","_"),"“","_"),"”","_"),CHAR(9),"_"),CHAR(160),"_")) | AB14: =IF(AA14="","",SUBSTITUTE(SUBSTITUTE(SUBSTITUTE(SUBSTITUTE(SUBSTITUTE(SUBSTITUTE(SUBSTITUTE(SUBSTITUTE(AA14,"__","_"),"__","_"),"__","_"),"__","_"),"__","_"),"__","_"),"__","_"),"__","_")) | AC14: =IF(OR(AB14="",AB14="_"),"",IF(LEFT(AB14,1)="_",IF(RIGHT(AB14,1)="_",MID(AB14,2,LEN(AB14)-2),RIGHT(AB14,LEN(AB14)-1)),IF(RIGHT(AB14,1)="_",LEFT(AB14,LEN(AB14)-1),AB14))) | AD14: =IF(OR(LOWER(TRIM(O14))="",LOWER(TRIM(O14))="nan",LOWER(TRIM(O14))="none",LOWER(TRIM(O14))="n/a"),"",SUBSTITUTE(SUBSTITUTE(SUBSTITUTE(SUBSTITUTE(SUBSTITUTE(SUBSTITUTE(SUBSTITUTE(SUBSTITUTE(SUBSTITUTE(SUBSTITUTE(SUBSTITUTE(SUBSTITUTE(SUBSTITUTE(SUBSTITUTE(SUBSTITUTE(SUBSTITUTE(SUBSTITUTE(SUBSTITUTE(SUBSTITUTE(SUBSTITUTE(SUBSTITUTE(SUBSTITUTE(SUBSTITUTE(SUBSTITUTE(SUBSTITUTE(SUBSTITUTE(SUBSTITUTE(SUBSTITUTE(SUBSTITUTE(SUBSTITUTE(SUBSTITUTE(SUBSTITUTE(SUBSTITUTE(SUBSTITUTE(SUBSTITUTE(SUBSTITUTE(SUBSTITUTE(SUBSTITUTE(LOWER(TRIM(O14))," ","_"),"!","_"),"#","_"),"$","_"),"%","_"),"&","_"),"'","_"),"(","_"),")","_"),"*","_"),"+","_"),",","_"),"-","_"),".","_"),"/","_"),":","_"),";","_"),"<","_"),"=","_"),">","_"),"?","_"),"@","_"),"[","_"),"\","_"),"]","_"),"^","_"),"`","_"),"{","_"),"|","_"),"}","_"),"~","_"),"–","_"),"—","_"),"’","_"),"“","_"),"”","_"),CHAR(9),"_"),CHAR(160),"_")) | AE14: =IF(AD14="","",SUBSTITUTE(SUBSTITUTE(SUBSTITUTE(SUBSTITUTE(SUBSTITUTE(SUBSTITUTE(SUBSTITUTE(SUBSTITUTE(AD14,"__","_"),"__","_"),"__","_"),"__","_"),"__","_"),"__","_"),"__","_"),"__","_")) | AF14: =IF(OR(AE14="",AE14="_"),"",IF(LEFT(AE14,1)="_",IF(RIGHT(AE14,1)="_",MID(AE14,2,LEN(AE14)-2),RIGHT(AE14,LEN(AE14)-1)),IF(RIGHT(AE14,1)="_",LEFT(AE14,LEN(AE14)-1),AE14))) | AG14: =IF(OR(LOWER(TRIM(P14))="",LOWER(TRIM(P14))="nan",LOWER(TRIM(P14))="none",LOWER(TRIM(P14))="n/a"),"",SUBSTITUTE(SUBSTITUTE(SUBSTITUTE(SUBSTITUTE(SUBSTITUTE(SUBSTITUTE(SUBSTITUTE(SUBSTITUTE(SUBSTITUTE(SUBSTITUTE(SUBSTITUTE(SUBSTITUTE(SUBSTITUTE(SUBSTITUTE(SUBSTITUTE(SUBSTITUTE(SUBSTITUTE(SUBSTITUTE(SUBSTITUTE(SUBSTITUTE(SUBSTITUTE(SUBSTITUTE(SUBSTITUTE(SUBSTITUTE(SUBSTITUTE(SUBSTITUTE(SUBSTITUTE(SUBSTITUTE(SUBSTITUTE(SUBSTITUTE(SUBSTITUTE(SUBSTITUTE(SUBSTITUTE(SUBSTITUTE(SUBSTITUTE(SUBSTITUTE(SUBSTITUTE(SUBSTITUTE(LOWER(TRIM(P14))," ","_"),"!","_"),"#","_"),"$","_"),"%","_"),"&","_"),"'","_"),"(","_"),")","_"),"*","_"),"+","_"),",","_"),"-","_"),".","_"),"/","_"),":","_"),";","_"),"<","_"),"=","_"),">","_"),"?","_"),"@","_"),"[","_"),"\","_"),"]","_"),"^","_"),"`","_"),"{","_"),"|","_"),"}","_"),"~","_"),"–","_"),"—","_"),"’","_"),"“","_"),"”","_"),CHAR(9),"_"),CHAR(160),"_")) | AH14: =IF(AG14="","",SUBSTITUTE(SUBSTITUTE(SUBSTITUTE(SUBSTITUTE(SUBSTITUTE(SUBSTITUTE(SUBSTITUTE(SUBSTITUTE(AG14,"__","_"),"__","_"),"__","_"),"__","_"),"__","_"),"__","_"),"__","_"),"__","_")) | AI14: =IF(OR(AH14="",AH14="_"),"",IF(LEFT(AH14,1)="_",IF(RIGHT(AH14,1)="_",MID(AH14,2,LEN(AH14)-2),RIGHT(AH14,LEN(AH14)-1)),IF(RIGHT(AH14,1)="_",LEFT(AH14,LEN(AH14)-1),AH14)))
L15: =IF(AC15<>"",AC15,"")&IF(AF15<>"",IF(AC15<>"","_"&AF15,AF15),"")&IF(AI15<>"",IF(AC15<>"","_"&AI15,AI15),"") | M15: =IF(TRIM(K15)<>"",TRIM(K15),L15) | N15: =IF(OR(A15="",B15="",C15="",D15="",F15="",G15="",H15="",I15=""),"Missing required field — fill in channel, market, activity_ownership, intended_model_role, model_input_measure, economic_treatment, planning_eligibility, and source.",IF(L15="","Missing required field — channel must be filled in to build an ID.",IF(COUNTIF($M$8:$M$31,M15)>1,"Duplicate activity ID — two rows currently build the same activity_id; add the next meaningful field, not a random number.",IF(AND(J15<>"",J15<>M15),"Existing activity_id differs from the built ID — review before using.","Ready")))) | AA15: =IF(OR(LOWER(TRIM(A15))="",LOWER(TRIM(A15))="nan",LOWER(TRIM(A15))="none",LOWER(TRIM(A15))="n/a"),"",SUBSTITUTE(SUBSTITUTE(SUBSTITUTE(SUBSTITUTE(SUBSTITUTE(SUBSTITUTE(SUBSTITUTE(SUBSTITUTE(SUBSTITUTE(SUBSTITUTE(SUBSTITUTE(SUBSTITUTE(SUBSTITUTE(SUBSTITUTE(SUBSTITUTE(SUBSTITUTE(SUBSTITUTE(SUBSTITUTE(SUBSTITUTE(SUBSTITUTE(SUBSTITUTE(SUBSTITUTE(SUBSTITUTE(SUBSTITUTE(SUBSTITUTE(SUBSTITUTE(SUBSTITUTE(SUBSTITUTE(SUBSTITUTE(SUBSTITUTE(SUBSTITUTE(SUBSTITUTE(SUBSTITUTE(SUBSTITUTE(SUBSTITUTE(SUBSTITUTE(SUBSTITUTE(SUBSTITUTE(LOWER(TRIM(A15))," ","_"),"!","_"),"#","_"),"$","_"),"%","_"),"&","_"),"'","_"),"(","_"),")","_"),"*","_"),"+","_"),",","_"),"-","_"),".","_"),"/","_"),":","_"),";","_"),"<","_"),"=","_"),">","_"),"?","_"),"@","_"),"[","_"),"\","_"),"]","_"),"^","_"),"`","_"),"{","_"),"|","_"),"}","_"),"~","_"),"–","_"),"—","_"),"’","_"),"“","_"),"”","_"),CHAR(9),"_"),CHAR(160),"_")) | AB15: =IF(AA15="","",SUBSTITUTE(SUBSTITUTE(SUBSTITUTE(SUBSTITUTE(SUBSTITUTE(SUBSTITUTE(SUBSTITUTE(SUBSTITUTE(AA15,"__","_"),"__","_"),"__","_"),"__","_"),"__","_"),"__","_"),"__","_"),"__","_")) | AC15: =IF(OR(AB15="",AB15="_"),"",IF(LEFT(AB15,1)="_",IF(RIGHT(AB15,1)="_",MID(AB15,2,LEN(AB15)-2),RIGHT(AB15,LEN(AB15)-1)),IF(RIGHT(AB15,1)="_",LEFT(AB15,LEN(AB15)-1),AB15))) | AD15: =IF(OR(LOWER(TRIM(O15))="",LOWER(TRIM(O15))="nan",LOWER(TRIM(O15))="none",LOWER(TRIM(O15))="n/a"),"",SUBSTITUTE(SUBSTITUTE(SUBSTITUTE(SUBSTITUTE(SUBSTITUTE(SUBSTITUTE(SUBSTITUTE(SUBSTITUTE(SUBSTITUTE(SUBSTITUTE(SUBSTITUTE(SUBSTITUTE(SUBSTITUTE(SUBSTITUTE(SUBSTITUTE(SUBSTITUTE(SUBSTITUTE(SUBSTITUTE(SUBSTITUTE(SUBSTITUTE(SUBSTITUTE(SUBSTITUTE(SUBSTITUTE(SUBSTITUTE(SUBSTITUTE(SUBSTITUTE(SUBSTITUTE(SUBSTITUTE(SUBSTITUTE(SUBSTITUTE(SUBSTITUTE(SUBSTITUTE(SUBSTITUTE(SUBSTITUTE(SUBSTITUTE(SUBSTITUTE(SUBSTITUTE(SUBSTITUTE(LOWER(TRIM(O15))," ","_"),"!","_"),"#","_"),"$","_"),"%","_"),"&","_"),"'","_"),"(","_"),")","_"),"*","_"),"+","_"),",","_"),"-","_"),".","_"),"/","_"),":","_"),";","_"),"<","_"),"=","_"),">","_"),"?","_"),"@","_"),"[","_"),"\","_"),"]","_"),"^","_"),"`","_"),"{","_"),"|","_"),"}","_"),"~","_"),"–","_"),"—","_"),"’","_"),"“","_"),"”","_"),CHAR(9),"_"),CHAR(160),"_")) | AE15: =IF(AD15="","",SUBSTITUTE(SUBSTITUTE(SUBSTITUTE(SUBSTITUTE(SUBSTITUTE(SUBSTITUTE(SUBSTITUTE(SUBSTITUTE(AD15,"__","_"),"__","_"),"__","_"),"__","_"),"__","_"),"__","_"),"__","_"),"__","_")) | AF15: =IF(OR(AE15="",AE15="_"),"",IF(LEFT(AE15,1)="_",IF(RIGHT(AE15,1)="_",MID(AE15,2,LEN(AE15)-2),RIGHT(AE15,LEN(AE15)-1)),IF(RIGHT(AE15,1)="_",LEFT(AE15,LEN(AE15)-1),AE15))) | AG15: =IF(OR(LOWER(TRIM(P15))="",LOWER(TRIM(P15))="nan",LOWER(TRIM(P15))="none",LOWER(TRIM(P15))="n/a"),"",SUBSTITUTE(SUBSTITUTE(SUBSTITUTE(SUBSTITUTE(SUBSTITUTE(SUBSTITUTE(SUBSTITUTE(SUBSTITUTE(SUBSTITUTE(SUBSTITUTE(SUBSTITUTE(SUBSTITUTE(SUBSTITUTE(SUBSTITUTE(SUBSTITUTE(SUBSTITUTE(SUBSTITUTE(SUBSTITUTE(SUBSTITUTE(SUBSTITUTE(SUBSTITUTE(SUBSTITUTE(SUBSTITUTE(SUBSTITUTE(SUBSTITUTE(SUBSTITUTE(SUBSTITUTE(SUBSTITUTE(SUBSTITUTE(SUBSTITUTE(SUBSTITUTE(SUBSTITUTE(SUBSTITUTE(SUBSTITUTE(SUBSTITUTE(SUBSTITUTE(SUBSTITUTE(SUBSTITUTE(LOWER(TRIM(P15))," ","_"),"!","_"),"#","_"),"$","_"),"%","_"),"&","_"),"'","_"),"(","_"),")","_"),"*","_"),"+","_"),",","_"),"-","_"),".","_"),"/","_"),":","_"),";","_"),"<","_"),"=","_"),">","_"),"?","_"),"@","_"),"[","_"),"\","_"),"]","_"),"^","_"),"`","_"),"{","_"),"|","_"),"}","_"),"~","_"),"–","_"),"—","_"),"’","_"),"“","_"),"”","_"),CHAR(9),"_"),CHAR(160),"_")) | AH15: =IF(AG15="","",SUBSTITUTE(SUBSTITUTE(SUBSTITUTE(SUBSTITUTE(SUBSTITUTE(SUBSTITUTE(SUBSTITUTE(SUBSTITUTE(AG15,"__","_"),"__","_"),"__","_"),"__","_"),"__","_"),"__","_"),"__","_"),"__","_")) | AI15: =IF(OR(AH15="",AH15="_"),"",IF(LEFT(AH15,1)="_",IF(RIGHT(AH15,1)="_",MID(AH15,2,LEN(AH15)-2),RIGHT(AH15,LEN(AH15)-1)),IF(RIGHT(AH15,1)="_",LEFT(AH15,LEN(AH15)-1),AH15)))
L16: =IF(AC16<>"",AC16,"")&IF(AF16<>"",IF(AC16<>"","_"&AF16,AF16),"")&IF(AI16<>"",IF(AC16<>"","_"&AI16,AI16),"") | M16: =IF(TRIM(K16)<>"",TRIM(K16),L16) | N16: =IF(OR(A16="",B16="",C16="",D16="",F16="",G16="",H16="",I16=""),"Missing required field — fill in channel, market, activity_ownership, intended_model_role, model_input_measure, economic_treatment, planning_eligibility, and source.",IF(L16="","Missing required field — channel must be filled in to build an ID.",IF(COUNTIF($M$8:$M$31,M16)>1,"Duplicate activity ID — two rows currently build the same activity_id; add the next meaningful field, not a random number.",IF(AND(J16<>"",J16<>M16),"Existing activity_id differs from the built ID — review before using.","Ready")))) | AA16: =IF(OR(LOWER(TRIM(A16))="",LOWER(TRIM(A16))="nan",LOWER(TRIM(A16))="none",LOWER(TRIM(A16))="n/a"),"",SUBSTITUTE(SUBSTITUTE(SUBSTITUTE(SUBSTITUTE(SUBSTITUTE(SUBSTITUTE(SUBSTITUTE(SUBSTITUTE(SUBSTITUTE(SUBSTITUTE(SUBSTITUTE(SUBSTITUTE(SUBSTITUTE(SUBSTITUTE(SUBSTITUTE(SUBSTITUTE(SUBSTITUTE(SUBSTITUTE(SUBSTITUTE(SUBSTITUTE(SUBSTITUTE(SUBSTITUTE(SUBSTITUTE(SUBSTITUTE(SUBSTITUTE(SUBSTITUTE(SUBSTITUTE(SUBSTITUTE(SUBSTITUTE(SUBSTITUTE(SUBSTITUTE(SUBSTITUTE(SUBSTITUTE(SUBSTITUTE(SUBSTITUTE(SUBSTITUTE(SUBSTITUTE(SUBSTITUTE(LOWER(TRIM(A16))," ","_"),"!","_"),"#","_"),"$","_"),"%","_"),"&","_"),"'","_"),"(","_"),")","_"),"*","_"),"+","_"),",","_"),"-","_"),".","_"),"/","_"),":","_"),";","_"),"<","_"),"=","_"),">","_"),"?","_"),"@","_"),"[","_"),"\","_"),"]","_"),"^","_"),"`","_"),"{","_"),"|","_"),"}","_"),"~","_"),"–","_"),"—","_"),"’","_"),"“","_"),"”","_"),CHAR(9),"_"),CHAR(160),"_")) | AB16: =IF(AA16="","",SUBSTITUTE(SUBSTITUTE(SUBSTITUTE(SUBSTITUTE(SUBSTITUTE(SUBSTITUTE(SUBSTITUTE(SUBSTITUTE(AA16,"__","_"),"__","_"),"__","_"),"__","_"),"__","_"),"__","_"),"__","_"),"__","_")) | AC16: =IF(OR(AB16="",AB16="_"),"",IF(LEFT(AB16,1)="_",IF(RIGHT(AB16,1)="_",MID(AB16,2,LEN(AB16)-2),RIGHT(AB16,LEN(AB16)-1)),IF(RIGHT(AB16,1)="_",LEFT(AB16,LEN(AB16)-1),AB16))) | AD16: =IF(OR(LOWER(TRIM(O16))="",LOWER(TRIM(O16))="nan",LOWER(TRIM(O16))="none",LOWER(TRIM(O16))="n/a"),"",SUBSTITUTE(SUBSTITUTE(SUBSTITUTE(SUBSTITUTE(SUBSTITUTE(SUBSTITUTE(SUBSTITUTE(SUBSTITUTE(SUBSTITUTE(SUBSTITUTE(SUBSTITUTE(SUBSTITUTE(SUBSTITUTE(SUBSTITUTE(SUBSTITUTE(SUBSTITUTE(SUBSTITUTE(SUBSTITUTE(SUBSTITUTE(SUBSTITUTE(SUBSTITUTE(SUBSTITUTE(SUBSTITUTE(SUBSTITUTE(SUBSTITUTE(SUBSTITUTE(SUBSTITUTE(SUBSTITUTE(SUBSTITUTE(SUBSTITUTE(SUBSTITUTE(SUBSTITUTE(SUBSTITUTE(SUBSTITUTE(SUBSTITUTE(SUBSTITUTE(SUBSTITUTE(SUBSTITUTE(LOWER(TRIM(O16))," ","_"),"!","_"),"#","_"),"$","_"),"%","_"),"&","_"),"'","_"),"(","_"),")","_"),"*","_"),"+","_"),",","_"),"-","_"),".","_"),"/","_"),":","_"),";","_"),"<","_"),"=","_"),">","_"),"?","_"),"@","_"),"[","_"),"\","_"),"]","_"),"^","_"),"`","_"),"{","_"),"|","_"),"}","_"),"~","_"),"–","_"),"—","_"),"’","_"),"“","_"),"”","_"),CHAR(9),"_"),CHAR(160),"_")) | AE16: =IF(AD16="","",SUBSTITUTE(SUBSTITUTE(SUBSTITUTE(SUBSTITUTE(SUBSTITUTE(SUBSTITUTE(SUBSTITUTE(SUBSTITUTE(AD16,"__","_"),"__","_"),"__","_"),"__","_"),"__","_"),"__","_"),"__","_"),"__","_")) | AF16: =IF(OR(AE16="",AE16="_"),"",IF(LEFT(AE16,1)="_",IF(RIGHT(AE16,1)="_",MID(AE16,2,LEN(AE16)-2),RIGHT(AE16,LEN(AE16)-1)),IF(RIGHT(AE16,1)="_",LEFT(AE16,LEN(AE16)-1),AE16))) | AG16: =IF(OR(LOWER(TRIM(P16))="",LOWER(TRIM(P16))="nan",LOWER(TRIM(P16))="none",LOWER(TRIM(P16))="n/a"),"",SUBSTITUTE(SUBSTITUTE(SUBSTITUTE(SUBSTITUTE(SUBSTITUTE(SUBSTITUTE(SUBSTITUTE(SUBSTITUTE(SUBSTITUTE(SUBSTITUTE(SUBSTITUTE(SUBSTITUTE(SUBSTITUTE(SUBSTITUTE(SUBSTITUTE(SUBSTITUTE(SUBSTITUTE(SUBSTITUTE(SUBSTITUTE(SUBSTITUTE(SUBSTITUTE(SUBSTITUTE(SUBSTITUTE(SUBSTITUTE(SUBSTITUTE(SUBSTITUTE(SUBSTITUTE(SUBSTITUTE(SUBSTITUTE(SUBSTITUTE(SUBSTITUTE(SUBSTITUTE(SUBSTITUTE(SUBSTITUTE(SUBSTITUTE(SUBSTITUTE(SUBSTITUTE(SUBSTITUTE(LOWER(TRIM(P16))," ","_"),"!","_"),"#","_"),"$","_"),"%","_"),"&","_"),"'","_"),"(","_"),")","_"),"*","_"),"+","_"),",","_"),"-","_"),".","_"),"/","_"),":","_"),";","_"),"<","_"),"=","_"),">","_"),"?","_"),"@","_"),"[","_"),"\","_"),"]","_"),"^","_"),"`","_"),"{","_"),"|","_"),"}","_"),"~","_"),"–","_"),"—","_"),"’","_"),"“","_"),"”","_"),CHAR(9),"_"),CHAR(160),"_")) | AH16: =IF(AG16="","",SUBSTITUTE(SUBSTITUTE(SUBSTITUTE(SUBSTITUTE(SUBSTITUTE(SUBSTITUTE(SUBSTITUTE(SUBSTITUTE(AG16,"__","_"),"__","_"),"__","_"),"__","_"),"__","_"),"__","_"),"__","_"),"__","_")) | AI16: =IF(OR(AH16="",AH16="_"),"",IF(LEFT(AH16,1)="_",IF(RIGHT(AH16,1)="_",MID(AH16,2,LEN(AH16)-2),RIGHT(AH16,LEN(AH16)-1)),IF(RIGHT(AH16,1)="_",LEFT(AH16,LEN(AH16)-1),AH16)))
L17: =IF(AC17<>"",AC17,"")&IF(AF17<>"",IF(AC17<>"","_"&AF17,AF17),"")&IF(AI17<>"",IF(AC17<>"","_"&AI17,AI17),"") | M17: =IF(TRIM(K17)<>"",TRIM(K17),L17) | N17: =IF(OR(A17="",B17="",C17="",D17="",F17="",G17="",H17="",I17=""),"Missing required field — fill in channel, market, activity_ownership, intended_model_role, model_input_measure, economic_treatment, planning_eligibility, and source.",IF(L17="","Missing required field — channel must be filled in to build an ID.",IF(COUNTIF($M$8:$M$31,M17)>1,"Duplicate activity ID — two rows currently build the same activity_id; add the next meaningful field, not a random number.",IF(AND(J17<>"",J17<>M17),"Existing activity_id differs from the built ID — review before using.","Ready")))) | AA17: =IF(OR(LOWER(TRIM(A17))="",LOWER(TRIM(A17))="nan",LOWER(TRIM(A17))="none",LOWER(TRIM(A17))="n/a"),"",SUBSTITUTE(SUBSTITUTE(SUBSTITUTE(SUBSTITUTE(SUBSTITUTE(SUBSTITUTE(SUBSTITUTE(SUBSTITUTE(SUBSTITUTE(SUBSTITUTE(SUBSTITUTE(SUBSTITUTE(SUBSTITUTE(SUBSTITUTE(SUBSTITUTE(SUBSTITUTE(SUBSTITUTE(SUBSTITUTE(SUBSTITUTE(SUBSTITUTE(SUBSTITUTE(SUBSTITUTE(SUBSTITUTE(SUBSTITUTE(SUBSTITUTE(SUBSTITUTE(SUBSTITUTE(SUBSTITUTE(SUBSTITUTE(SUBSTITUTE(SUBSTITUTE(SUBSTITUTE(SUBSTITUTE(SUBSTITUTE(SUBSTITUTE(SUBSTITUTE(SUBSTITUTE(SUBSTITUTE(LOWER(TRIM(A17))," ","_"),"!","_"),"#","_"),"$","_"),"%","_"),"&","_"),"'","_"),"(","_"),")","_"),"*","_"),"+","_"),",","_"),"-","_"),".","_"),"/","_"),":","_"),";","_"),"<","_"),"=","_"),">","_"),"?","_"),"@","_"),"[","_"),"\","_"),"]","_"),"^","_"),"`","_"),"{","_"),"|","_"),"}","_"),"~","_"),"–","_"),"—","_"),"’","_"),"“","_"),"”","_"),CHAR(9),"_"),CHAR(160),"_")) | AB17: =IF(AA17="","",SUBSTITUTE(SUBSTITUTE(SUBSTITUTE(SUBSTITUTE(SUBSTITUTE(SUBSTITUTE(SUBSTITUTE(SUBSTITUTE(AA17,"__","_"),"__","_"),"__","_"),"__","_"),"__","_"),"__","_"),"__","_"),"__","_")) | AC17: =IF(OR(AB17="",AB17="_"),"",IF(LEFT(AB17,1)="_",IF(RIGHT(AB17,1)="_",MID(AB17,2,LEN(AB17)-2),RIGHT(AB17,LEN(AB17)-1)),IF(RIGHT(AB17,1)="_",LEFT(AB17,LEN(AB17)-1),AB17))) | AD17: =IF(OR(LOWER(TRIM(O17))="",LOWER(TRIM(O17))="nan",LOWER(TRIM(O17))="none",LOWER(TRIM(O17))="n/a"),"",SUBSTITUTE(SUBSTITUTE(SUBSTITUTE(SUBSTITUTE(SUBSTITUTE(SUBSTITUTE(SUBSTITUTE(SUBSTITUTE(SUBSTITUTE(SUBSTITUTE(SUBSTITUTE(SUBSTITUTE(SUBSTITUTE(SUBSTITUTE(SUBSTITUTE(SUBSTITUTE(SUBSTITUTE(SUBSTITUTE(SUBSTITUTE(SUBSTITUTE(SUBSTITUTE(SUBSTITUTE(SUBSTITUTE(SUBSTITUTE(SUBSTITUTE(SUBSTITUTE(SUBSTITUTE(SUBSTITUTE(SUBSTITUTE(SUBSTITUTE(SUBSTITUTE(SUBSTITUTE(SUBSTITUTE(SUBSTITUTE(SUBSTITUTE(SUBSTITUTE(SUBSTITUTE(SUBSTITUTE(LOWER(TRIM(O17))," ","_"),"!","_"),"#","_"),"$","_"),"%","_"),"&","_"),"'","_"),"(","_"),")","_"),"*","_"),"+","_"),",","_"),"-","_"),".","_"),"/","_"),":","_"),";","_"),"<","_"),"=","_"),">","_"),"?","_"),"@","_"),"[","_"),"\","_"),"]","_"),"^","_"),"`","_"),"{","_"),"|","_"),"}","_"),"~","_"),"–","_"),"—","_"),"’","_"),"“","_"),"”","_"),CHAR(9),"_"),CHAR(160),"_")) | AE17: =IF(AD17="","",SUBSTITUTE(SUBSTITUTE(SUBSTITUTE(SUBSTITUTE(SUBSTITUTE(SUBSTITUTE(SUBSTITUTE(SUBSTITUTE(AD17,"__","_"),"__","_"),"__","_"),"__","_"),"__","_"),"__","_"),"__","_"),"__","_")) | AF17: =IF(OR(AE17="",AE17="_"),"",IF(LEFT(AE17,1)="_",IF(RIGHT(AE17,1)="_",MID(AE17,2,LEN(AE17)-2),RIGHT(AE17,LEN(AE17)-1)),IF(RIGHT(AE17,1)="_",LEFT(AE17,LEN(AE17)-1),AE17))) | AG17: =IF(OR(LOWER(TRIM(P17))="",LOWER(TRIM(P17))="nan",LOWER(TRIM(P17))="none",LOWER(TRIM(P17))="n/a"),"",SUBSTITUTE(SUBSTITUTE(SUBSTITUTE(SUBSTITUTE(SUBSTITUTE(SUBSTITUTE(SUBSTITUTE(SUBSTITUTE(SUBSTITUTE(SUBSTITUTE(SUBSTITUTE(SUBSTITUTE(SUBSTITUTE(SUBSTITUTE(SUBSTITUTE(SUBSTITUTE(SUBSTITUTE(SUBSTITUTE(SUBSTITUTE(SUBSTITUTE(SUBSTITUTE(SUBSTITUTE(SUBSTITUTE(SUBSTITUTE(SUBSTITUTE(SUBSTITUTE(SUBSTITUTE(SUBSTITUTE(SUBSTITUTE(SUBSTITUTE(SUBSTITUTE(SUBSTITUTE(SUBSTITUTE(SUBSTITUTE(SUBSTITUTE(SUBSTITUTE(SUBSTITUTE(SUBSTITUTE(LOWER(TRIM(P17))," ","_"),"!","_"),"#","_"),"$","_"),"%","_"),"&","_"),"'","_"),"(","_"),")","_"),"*","_"),"+","_"),",","_"),"-","_"),".","_"),"/","_"),":","_"),";","_"),"<","_"),"=","_"),">","_"),"?","_"),"@","_"),"[","_"),"\","_"),"]","_"),"^","_"),"`","_"),"{","_"),"|","_"),"}","_"),"~","_"),"–","_"),"—","_"),"’","_"),"“","_"),"”","_"),CHAR(9),"_"),CHAR(160),"_")) | AH17: =IF(AG17="","",SUBSTITUTE(SUBSTITUTE(SUBSTITUTE(SUBSTITUTE(SUBSTITUTE(SUBSTITUTE(SUBSTITUTE(SUBSTITUTE(AG17,"__","_"),"__","_"),"__","_"),"__","_"),"__","_"),"__","_"),"__","_"),"__","_")) | AI17: =IF(OR(AH17="",AH17="_"),"",IF(LEFT(AH17,1)="_",IF(RIGHT(AH17,1)="_",MID(AH17,2,LEN(AH17)-2),RIGHT(AH17,LEN(AH17)-1)),IF(RIGHT(AH17,1)="_",LEFT(AH17,LEN(AH17)-1),AH17)))
L18: =IF(AC18<>"",AC18,"")&IF(AF18<>"",IF(AC18<>"","_"&AF18,AF18),"")&IF(AI18<>"",IF(AC18<>"","_"&AI18,AI18),"") | M18: =IF(TRIM(K18)<>"",TRIM(K18),L18) | N18: =IF(OR(A18="",B18="",C18="",D18="",F18="",G18="",H18="",I18=""),"Missing required field — fill in channel, market, activity_ownership, intended_model_role, model_input_measure, economic_treatment, planning_eligibility, and source.",IF(L18="","Missing required field — channel must be filled in to build an ID.",IF(COUNTIF($M$8:$M$31,M18)>1,"Duplicate activity ID — two rows currently build the same activity_id; add the next meaningful field, not a random number.",IF(AND(J18<>"",J18<>M18),"Existing activity_id differs from the built ID — review before using.","Ready")))) | AA18: =IF(OR(LOWER(TRIM(A18))="",LOWER(TRIM(A18))="nan",LOWER(TRIM(A18))="none",LOWER(TRIM(A18))="n/a"),"",SUBSTITUTE(SUBSTITUTE(SUBSTITUTE(SUBSTITUTE(SUBSTITUTE(SUBSTITUTE(SUBSTITUTE(SUBSTITUTE(SUBSTITUTE(SUBSTITUTE(SUBSTITUTE(SUBSTITUTE(SUBSTITUTE(SUBSTITUTE(SUBSTITUTE(SUBSTITUTE(SUBSTITUTE(SUBSTITUTE(SUBSTITUTE(SUBSTITUTE(SUBSTITUTE(SUBSTITUTE(SUBSTITUTE(SUBSTITUTE(SUBSTITUTE(SUBSTITUTE(SUBSTITUTE(SUBSTITUTE(SUBSTITUTE(SUBSTITUTE(SUBSTITUTE(SUBSTITUTE(SUBSTITUTE(SUBSTITUTE(SUBSTITUTE(SUBSTITUTE(SUBSTITUTE(SUBSTITUTE(LOWER(TRIM(A18))," ","_"),"!","_"),"#","_"),"$","_"),"%","_"),"&","_"),"'","_"),"(","_"),")","_"),"*","_"),"+","_"),",","_"),"-","_"),".","_"),"/","_"),":","_"),";","_"),"<","_"),"=","_"),">","_"),"?","_"),"@","_"),"[","_"),"\","_"),"]","_"),"^","_"),"`","_"),"{","_"),"|","_"),"}","_"),"~","_"),"–","_"),"—","_"),"’","_"),"“","_"),"”","_"),CHAR(9),"_"),CHAR(160),"_")) | AB18: =IF(AA18="","",SUBSTITUTE(SUBSTITUTE(SUBSTITUTE(SUBSTITUTE(SUBSTITUTE(SUBSTITUTE(SUBSTITUTE(SUBSTITUTE(AA18,"__","_"),"__","_"),"__","_"),"__","_"),"__","_"),"__","_"),"__","_"),"__","_")) | AC18: =IF(OR(AB18="",AB18="_"),"",IF(LEFT(AB18,1)="_",IF(RIGHT(AB18,1)="_",MID(AB18,2,LEN(AB18)-2),RIGHT(AB18,LEN(AB18)-1)),IF(RIGHT(AB18,1)="_",LEFT(AB18,LEN(AB18)-1),AB18))) | AD18: =IF(OR(LOWER(TRIM(O18))="",LOWER(TRIM(O18))="nan",LOWER(TRIM(O18))="none",LOWER(TRIM(O18))="n/a"),"",SUBSTITUTE(SUBSTITUTE(SUBSTITUTE(SUBSTITUTE(SUBSTITUTE(SUBSTITUTE(SUBSTITUTE(SUBSTITUTE(SUBSTITUTE(SUBSTITUTE(SUBSTITUTE(SUBSTITUTE(SUBSTITUTE(SUBSTITUTE(SUBSTITUTE(SUBSTITUTE(SUBSTITUTE(SUBSTITUTE(SUBSTITUTE(SUBSTITUTE(SUBSTITUTE(SUBSTITUTE(SUBSTITUTE(SUBSTITUTE(SUBSTITUTE(SUBSTITUTE(SUBSTITUTE(SUBSTITUTE(SUBSTITUTE(SUBSTITUTE(SUBSTITUTE(SUBSTITUTE(SUBSTITUTE(SUBSTITUTE(SUBSTITUTE(SUBSTITUTE(SUBSTITUTE(SUBSTITUTE(LOWER(TRIM(O18))," ","_"),"!","_"),"#","_"),"$","_"),"%","_"),"&","_"),"'","_"),"(","_"),")","_"),"*","_"),"+","_"),",","_"),"-","_"),".","_"),"/","_"),":","_"),";","_"),"<","_"),"=","_"),">","_"),"?","_"),"@","_"),"[","_"),"\","_"),"]","_"),"^","_"),"`","_"),"{","_"),"|","_"),"}","_"),"~","_"),"–","_"),"—","_"),"’","_"),"“","_"),"”","_"),CHAR(9),"_"),CHAR(160),"_")) | AE18: =IF(AD18="","",SUBSTITUTE(SUBSTITUTE(SUBSTITUTE(SUBSTITUTE(SUBSTITUTE(SUBSTITUTE(SUBSTITUTE(SUBSTITUTE(AD18,"__","_"),"__","_"),"__","_"),"__","_"),"__","_"),"__","_"),"__","_"),"__","_")) | AF18: =IF(OR(AE18="",AE18="_"),"",IF(LEFT(AE18,1)="_",IF(RIGHT(AE18,1)="_",MID(AE18,2,LEN(AE18)-2),RIGHT(AE18,LEN(AE18)-1)),IF(RIGHT(AE18,1)="_",LEFT(AE18,LEN(AE18)-1),AE18))) | AG18: =IF(OR(LOWER(TRIM(P18))="",LOWER(TRIM(P18))="nan",LOWER(TRIM(P18))="none",LOWER(TRIM(P18))="n/a"),"",SUBSTITUTE(SUBSTITUTE(SUBSTITUTE(SUBSTITUTE(SUBSTITUTE(SUBSTITUTE(SUBSTITUTE(SUBSTITUTE(SUBSTITUTE(SUBSTITUTE(SUBSTITUTE(SUBSTITUTE(SUBSTITUTE(SUBSTITUTE(SUBSTITUTE(SUBSTITUTE(SUBSTITUTE(SUBSTITUTE(SUBSTITUTE(SUBSTITUTE(SUBSTITUTE(SUBSTITUTE(SUBSTITUTE(SUBSTITUTE(SUBSTITUTE(SUBSTITUTE(SUBSTITUTE(SUBSTITUTE(SUBSTITUTE(SUBSTITUTE(SUBSTITUTE(SUBSTITUTE(SUBSTITUTE(SUBSTITUTE(SUBSTITUTE(SUBSTITUTE(SUBSTITUTE(SUBSTITUTE(LOWER(TRIM(P18))," ","_"),"!","_"),"#","_"),"$","_"),"%","_"),"&","_"),"'","_"),"(","_"),")","_"),"*","_"),"+","_"),",","_"),"-","_"),".","_"),"/","_"),":","_"),";","_"),"<","_"),"=","_"),">","_"),"?","_"),"@","_"),"[","_"),"\","_"),"]","_"),"^","_"),"`","_"),"{","_"),"|","_"),"}","_"),"~","_"),"–","_"),"—","_"),"’","_"),"“","_"),"”","_"),CHAR(9),"_"),CHAR(160),"_")) | AH18: =IF(AG18="","",SUBSTITUTE(SUBSTITUTE(SUBSTITUTE(SUBSTITUTE(SUBSTITUTE(SUBSTITUTE(SUBSTITUTE(SUBSTITUTE(AG18,"__","_"),"__","_"),"__","_"),"__","_"),"__","_"),"__","_"),"__","_"),"__","_")) | AI18: =IF(OR(AH18="",AH18="_"),"",IF(LEFT(AH18,1)="_",IF(RIGHT(AH18,1)="_",MID(AH18,2,LEN(AH18)-2),RIGHT(AH18,LEN(AH18)-1)),IF(RIGHT(AH18,1)="_",LEFT(AH18,LEN(AH18)-1),AH18)))
L19: =IF(AC19<>"",AC19,"")&IF(AF19<>"",IF(AC19<>"","_"&AF19,AF19),"")&IF(AI19<>"",IF(AC19<>"","_"&AI19,AI19),"") | M19: =IF(TRIM(K19)<>"",TRIM(K19),L19) | N19: =IF(OR(A19="",B19="",C19="",D19="",F19="",G19="",H19="",I19=""),"Missing required field — fill in channel, market, activity_ownership, intended_model_role, model_input_measure, economic_treatment, planning_eligibility, and source.",IF(L19="","Missing required field — channel must be filled in to build an ID.",IF(COUNTIF($M$8:$M$31,M19)>1,"Duplicate activity ID — two rows currently build the same activity_id; add the next meaningful field, not a random number.",IF(AND(J19<>"",J19<>M19),"Existing activity_id differs from the built ID — review before using.","Ready")))) | AA19: =IF(OR(LOWER(TRIM(A19))="",LOWER(TRIM(A19))="nan",LOWER(TRIM(A19))="none",LOWER(TRIM(A19))="n/a"),"",SUBSTITUTE(SUBSTITUTE(SUBSTITUTE(SUBSTITUTE(SUBSTITUTE(SUBSTITUTE(SUBSTITUTE(SUBSTITUTE(SUBSTITUTE(SUBSTITUTE(SUBSTITUTE(SUBSTITUTE(SUBSTITUTE(SUBSTITUTE(SUBSTITUTE(SUBSTITUTE(SUBSTITUTE(SUBSTITUTE(SUBSTITUTE(SUBSTITUTE(SUBSTITUTE(SUBSTITUTE(SUBSTITUTE(SUBSTITUTE(SUBSTITUTE(SUBSTITUTE(SUBSTITUTE(SUBSTITUTE(SUBSTITUTE(SUBSTITUTE(SUBSTITUTE(SUBSTITUTE(SUBSTITUTE(SUBSTITUTE(SUBSTITUTE(SUBSTITUTE(SUBSTITUTE(SUBSTITUTE(LOWER(TRIM(A19))," ","_"),"!","_"),"#","_"),"$","_"),"%","_"),"&","_"),"'","_"),"(","_"),")","_"),"*","_"),"+","_"),",","_"),"-","_"),".","_"),"/","_"),":","_"),";","_"),"<","_"),"=","_"),">","_"),"?","_"),"@","_"),"[","_"),"\","_"),"]","_"),"^","_"),"`","_"),"{","_"),"|","_"),"}","_"),"~","_"),"–","_"),"—","_"),"’","_"),"“","_"),"”","_"),CHAR(9),"_"),CHAR(160),"_")) | AB19: =IF(AA19="","",SUBSTITUTE(SUBSTITUTE(SUBSTITUTE(SUBSTITUTE(SUBSTITUTE(SUBSTITUTE(SUBSTITUTE(SUBSTITUTE(AA19,"__","_"),"__","_"),"__","_"),"__","_"),"__","_"),"__","_"),"__","_"),"__","_")) | AC19: =IF(OR(AB19="",AB19="_"),"",IF(LEFT(AB19,1)="_",IF(RIGHT(AB19,1)="_",MID(AB19,2,LEN(AB19)-2),RIGHT(AB19,LEN(AB19)-1)),IF(RIGHT(AB19,1)="_",LEFT(AB19,LEN(AB19)-1),AB19))) | AD19: =IF(OR(LOWER(TRIM(O19))="",LOWER(TRIM(O19))="nan",LOWER(TRIM(O19))="none",LOWER(TRIM(O19))="n/a"),"",SUBSTITUTE(SUBSTITUTE(SUBSTITUTE(SUBSTITUTE(SUBSTITUTE(SUBSTITUTE(SUBSTITUTE(SUBSTITUTE(SUBSTITUTE(SUBSTITUTE(SUBSTITUTE(SUBSTITUTE(SUBSTITUTE(SUBSTITUTE(SUBSTITUTE(SUBSTITUTE(SUBSTITUTE(SUBSTITUTE(SUBSTITUTE(SUBSTITUTE(SUBSTITUTE(SUBSTITUTE(SUBSTITUTE(SUBSTITUTE(SUBSTITUTE(SUBSTITUTE(SUBSTITUTE(SUBSTITUTE(SUBSTITUTE(SUBSTITUTE(SUBSTITUTE(SUBSTITUTE(SUBSTITUTE(SUBSTITUTE(SUBSTITUTE(SUBSTITUTE(SUBSTITUTE(SUBSTITUTE(LOWER(TRIM(O19))," ","_"),"!","_"),"#","_"),"$","_"),"%","_"),"&","_"),"'","_"),"(","_"),")","_"),"*","_"),"+","_"),",","_"),"-","_"),".","_"),"/","_"),":","_"),";","_"),"<","_"),"=","_"),">","_"),"?","_"),"@","_"),"[","_"),"\","_"),"]","_"),"^","_"),"`","_"),"{","_"),"|","_"),"}","_"),"~","_"),"–","_"),"—","_"),"’","_"),"“","_"),"”","_"),CHAR(9),"_"),CHAR(160),"_")) | AE19: =IF(AD19="","",SUBSTITUTE(SUBSTITUTE(SUBSTITUTE(SUBSTITUTE(SUBSTITUTE(SUBSTITUTE(SUBSTITUTE(SUBSTITUTE(AD19,"__","_"),"__","_"),"__","_"),"__","_"),"__","_"),"__","_"),"__","_"),"__","_")) | AF19: =IF(OR(AE19="",AE19="_"),"",IF(LEFT(AE19,1)="_",IF(RIGHT(AE19,1)="_",MID(AE19,2,LEN(AE19)-2),RIGHT(AE19,LEN(AE19)-1)),IF(RIGHT(AE19,1)="_",LEFT(AE19,LEN(AE19)-1),AE19))) | AG19: =IF(OR(LOWER(TRIM(P19))="",LOWER(TRIM(P19))="nan",LOWER(TRIM(P19))="none",LOWER(TRIM(P19))="n/a"),"",SUBSTITUTE(SUBSTITUTE(SUBSTITUTE(SUBSTITUTE(SUBSTITUTE(SUBSTITUTE(SUBSTITUTE(SUBSTITUTE(SUBSTITUTE(SUBSTITUTE(SUBSTITUTE(SUBSTITUTE(SUBSTITUTE(SUBSTITUTE(SUBSTITUTE(SUBSTITUTE(SUBSTITUTE(SUBSTITUTE(SUBSTITUTE(SUBSTITUTE(SUBSTITUTE(SUBSTITUTE(SUBSTITUTE(SUBSTITUTE(SUBSTITUTE(SUBSTITUTE(SUBSTITUTE(SUBSTITUTE(SUBSTITUTE(SUBSTITUTE(SUBSTITUTE(SUBSTITUTE(SUBSTITUTE(SUBSTITUTE(SUBSTITUTE(SUBSTITUTE(SUBSTITUTE(SUBSTITUTE(LOWER(TRIM(P19))," ","_"),"!","_"),"#","_"),"$","_"),"%","_"),"&","_"),"'","_"),"(","_"),")","_"),"*","_"),"+","_"),",","_"),"-","_"),".","_"),"/","_"),":","_"),";","_"),"<","_"),"=","_"),">","_"),"?","_"),"@","_"),"[","_"),"\","_"),"]","_"),"^","_"),"`","_"),"{","_"),"|","_"),"}","_"),"~","_"),"–","_"),"—","_"),"’","_"),"“","_"),"”","_"),CHAR(9),"_"),CHAR(160),"_")) | AH19: =IF(AG19="","",SUBSTITUTE(SUBSTITUTE(SUBSTITUTE(SUBSTITUTE(SUBSTITUTE(SUBSTITUTE(SUBSTITUTE(SUBSTITUTE(AG19,"__","_"),"__","_"),"__","_"),"__","_"),"__","_"),"__","_"),"__","_"),"__","_")) | AI19: =IF(OR(AH19="",AH19="_"),"",IF(LEFT(AH19,1)="_",IF(RIGHT(AH19,1)="_",MID(AH19,2,LEN(AH19)-2),RIGHT(AH19,LEN(AH19)-1)),IF(RIGHT(AH19,1)="_",LEFT(AH19,LEN(AH19)-1),AH19)))
L20: =IF(AC20<>"",AC20,"")&IF(AF20<>"",IF(AC20<>"","_"&AF20,AF20),"")&IF(AI20<>"",IF(AC20<>"","_"&AI20,AI20),"") | M20: =IF(TRIM(K20)<>"",TRIM(K20),L20) | N20: =IF(OR(A20="",B20="",C20="",D20="",F20="",G20="",H20="",I20=""),"Missing required field — fill in channel, market, activity_ownership, intended_model_role, model_input_measure, economic_treatment, planning_eligibility, and source.",IF(L20="","Missing required field — channel must be filled in to build an ID.",IF(COUNTIF($M$8:$M$31,M20)>1,"Duplicate activity ID — two rows currently build the same activity_id; add the next meaningful field, not a random number.",IF(AND(J20<>"",J20<>M20),"Existing activity_id differs from the built ID — review before using.","Ready")))) | AA20: =IF(OR(LOWER(TRIM(A20))="",LOWER(TRIM(A20))="nan",LOWER(TRIM(A20))="none",LOWER(TRIM(A20))="n/a"),"",SUBSTITUTE(SUBSTITUTE(SUBSTITUTE(SUBSTITUTE(SUBSTITUTE(SUBSTITUTE(SUBSTITUTE(SUBSTITUTE(SUBSTITUTE(SUBSTITUTE(SUBSTITUTE(SUBSTITUTE(SUBSTITUTE(SUBSTITUTE(SUBSTITUTE(SUBSTITUTE(SUBSTITUTE(SUBSTITUTE(SUBSTITUTE(SUBSTITUTE(SUBSTITUTE(SUBSTITUTE(SUBSTITUTE(SUBSTITUTE(SUBSTITUTE(SUBSTITUTE(SUBSTITUTE(SUBSTITUTE(SUBSTITUTE(SUBSTITUTE(SUBSTITUTE(SUBSTITUTE(SUBSTITUTE(SUBSTITUTE(SUBSTITUTE(SUBSTITUTE(SUBSTITUTE(SUBSTITUTE(LOWER(TRIM(A20))," ","_"),"!","_"),"#","_"),"$","_"),"%","_"),"&","_"),"'","_"),"(","_"),")","_"),"*","_"),"+","_"),",","_"),"-","_"),".","_"),"/","_"),":","_"),";","_"),"<","_"),"=","_"),">","_"),"?","_"),"@","_"),"[","_"),"\","_"),"]","_"),"^","_"),"`","_"),"{","_"),"|","_"),"}","_"),"~","_"),"–","_"),"—","_"),"’","_"),"“","_"),"”","_"),CHAR(9),"_"),CHAR(160),"_")) | AB20: =IF(AA20="","",SUBSTITUTE(SUBSTITUTE(SUBSTITUTE(SUBSTITUTE(SUBSTITUTE(SUBSTITUTE(SUBSTITUTE(SUBSTITUTE(AA20,"__","_"),"__","_"),"__","_"),"__","_"),"__","_"),"__","_"),"__","_"),"__","_")) | AC20: =IF(OR(AB20="",AB20="_"),"",IF(LEFT(AB20,1)="_",IF(RIGHT(AB20,1)="_",MID(AB20,2,LEN(AB20)-2),RIGHT(AB20,LEN(AB20)-1)),IF(RIGHT(AB20,1)="_",LEFT(AB20,LEN(AB20)-1),AB20))) | AD20: =IF(OR(LOWER(TRIM(O20))="",LOWER(TRIM(O20))="nan",LOWER(TRIM(O20))="none",LOWER(TRIM(O20))="n/a"),"",SUBSTITUTE(SUBSTITUTE(SUBSTITUTE(SUBSTITUTE(SUBSTITUTE(SUBSTITUTE(SUBSTITUTE(SUBSTITUTE(SUBSTITUTE(SUBSTITUTE(SUBSTITUTE(SUBSTITUTE(SUBSTITUTE(SUBSTITUTE(SUBSTITUTE(SUBSTITUTE(SUBSTITUTE(SUBSTITUTE(SUBSTITUTE(SUBSTITUTE(SUBSTITUTE(SUBSTITUTE(SUBSTITUTE(SUBSTITUTE(SUBSTITUTE(SUBSTITUTE(SUBSTITUTE(SUBSTITUTE(SUBSTITUTE(SUBSTITUTE(SUBSTITUTE(SUBSTITUTE(SUBSTITUTE(SUBSTITUTE(SUBSTITUTE(SUBSTITUTE(SUBSTITUTE(SUBSTITUTE(LOWER(TRIM(O20))," ","_"),"!","_"),"#","_"),"$","_"),"%","_"),"&","_"),"'","_"),"(","_"),")","_"),"*","_"),"+","_"),",","_"),"-","_"),".","_"),"/","_"),":","_"),";","_"),"<","_"),"=","_"),">","_"),"?","_"),"@","_"),"[","_"),"\","_"),"]","_"),"^","_"),"`","_"),"{","_"),"|","_"),"}","_"),"~","_"),"–","_"),"—","_"),"’","_"),"“","_"),"”","_"),CHAR(9),"_"),CHAR(160),"_")) | AE20: =IF(AD20="","",SUBSTITUTE(SUBSTITUTE(SUBSTITUTE(SUBSTITUTE(SUBSTITUTE(SUBSTITUTE(SUBSTITUTE(SUBSTITUTE(AD20,"__","_"),"__","_"),"__","_"),"__","_"),"__","_"),"__","_"),"__","_"),"__","_")) | AF20: =IF(OR(AE20="",AE20="_"),"",IF(LEFT(AE20,1)="_",IF(RIGHT(AE20,1)="_",MID(AE20,2,LEN(AE20)-2),RIGHT(AE20,LEN(AE20)-1)),IF(RIGHT(AE20,1)="_",LEFT(AE20,LEN(AE20)-1),AE20))) | AG20: =IF(OR(LOWER(TRIM(P20))="",LOWER(TRIM(P20))="nan",LOWER(TRIM(P20))="none",LOWER(TRIM(P20))="n/a"),"",SUBSTITUTE(SUBSTITUTE(SUBSTITUTE(SUBSTITUTE(SUBSTITUTE(SUBSTITUTE(SUBSTITUTE(SUBSTITUTE(SUBSTITUTE(SUBSTITUTE(SUBSTITUTE(SUBSTITUTE(SUBSTITUTE(SUBSTITUTE(SUBSTITUTE(SUBSTITUTE(SUBSTITUTE(SUBSTITUTE(SUBSTITUTE(SUBSTITUTE(SUBSTITUTE(SUBSTITUTE(SUBSTITUTE(SUBSTITUTE(SUBSTITUTE(SUBSTITUTE(SUBSTITUTE(SUBSTITUTE(SUBSTITUTE(SUBSTITUTE(SUBSTITUTE(SUBSTITUTE(SUBSTITUTE(SUBSTITUTE(SUBSTITUTE(SUBSTITUTE(SUBSTITUTE(SUBSTITUTE(LOWER(TRIM(P20))," ","_"),"!","_"),"#","_"),"$","_"),"%","_"),"&","_"),"'","_"),"(","_"),")","_"),"*","_"),"+","_"),",","_"),"-","_"),".","_"),"/","_"),":","_"),";","_"),"<","_"),"=","_"),">","_"),"?","_"),"@","_"),"[","_"),"\","_"),"]","_"),"^","_"),"`","_"),"{","_"),"|","_"),"}","_"),"~","_"),"–","_"),"—","_"),"’","_"),"“","_"),"”","_"),CHAR(9),"_"),CHAR(160),"_")) | AH20: =IF(AG20="","",SUBSTITUTE(SUBSTITUTE(SUBSTITUTE(SUBSTITUTE(SUBSTITUTE(SUBSTITUTE(SUBSTITUTE(SUBSTITUTE(AG20,"__","_"),"__","_"),"__","_"),"__","_"),"__","_"),"__","_"),"__","_"),"__","_")) | AI20: =IF(OR(AH20="",AH20="_"),"",IF(LEFT(AH20,1)="_",IF(RIGHT(AH20,1)="_",MID(AH20,2,LEN(AH20)-2),RIGHT(AH20,LEN(AH20)-1)),IF(RIGHT(AH20,1)="_",LEFT(AH20,LEN(AH20)-1),AH20)))
L21: =IF(AC21<>"",AC21,"")&IF(AF21<>"",IF(AC21<>"","_"&AF21,AF21),"")&IF(AI21<>"",IF(AC21<>"","_"&AI21,AI21),"") | M21: =IF(TRIM(K21)<>"",TRIM(K21),L21) | N21: =IF(OR(A21="",B21="",C21="",D21="",F21="",G21="",H21="",I21=""),"Missing required field — fill in channel, market, activity_ownership, intended_model_role, model_input_measure, economic_treatment, planning_eligibility, and source.",IF(L21="","Missing required field — channel must be filled in to build an ID.",IF(COUNTIF($M$8:$M$31,M21)>1,"Duplicate activity ID — two rows currently build the same activity_id; add the next meaningful field, not a random number.",IF(AND(J21<>"",J21<>M21),"Existing activity_id differs from the built ID — review before using.","Ready")))) | AA21: =IF(OR(LOWER(TRIM(A21))="",LOWER(TRIM(A21))="nan",LOWER(TRIM(A21))="none",LOWER(TRIM(A21))="n/a"),"",SUBSTITUTE(SUBSTITUTE(SUBSTITUTE(SUBSTITUTE(SUBSTITUTE(SUBSTITUTE(SUBSTITUTE(SUBSTITUTE(SUBSTITUTE(SUBSTITUTE(SUBSTITUTE(SUBSTITUTE(SUBSTITUTE(SUBSTITUTE(SUBSTITUTE(SUBSTITUTE(SUBSTITUTE(SUBSTITUTE(SUBSTITUTE(SUBSTITUTE(SUBSTITUTE(SUBSTITUTE(SUBSTITUTE(SUBSTITUTE(SUBSTITUTE(SUBSTITUTE(SUBSTITUTE(SUBSTITUTE(SUBSTITUTE(SUBSTITUTE(SUBSTITUTE(SUBSTITUTE(SUBSTITUTE(SUBSTITUTE(SUBSTITUTE(SUBSTITUTE(SUBSTITUTE(SUBSTITUTE(LOWER(TRIM(A21))," ","_"),"!","_"),"#","_"),"$","_"),"%","_"),"&","_"),"'","_"),"(","_"),")","_"),"*","_"),"+","_"),",","_"),"-","_"),".","_"),"/","_"),":","_"),";","_"),"<","_"),"=","_"),">","_"),"?","_"),"@","_"),"[","_"),"\","_"),"]","_"),"^","_"),"`","_"),"{","_"),"|","_"),"}","_"),"~","_"),"–","_"),"—","_"),"’","_"),"“","_"),"”","_"),CHAR(9),"_"),CHAR(160),"_")) | AB21: =IF(AA21="","",SUBSTITUTE(SUBSTITUTE(SUBSTITUTE(SUBSTITUTE(SUBSTITUTE(SUBSTITUTE(SUBSTITUTE(SUBSTITUTE(AA21,"__","_"),"__","_"),"__","_"),"__","_"),"__","_"),"__","_"),"__","_"),"__","_")) | AC21: =IF(OR(AB21="",AB21="_"),"",IF(LEFT(AB21,1)="_",IF(RIGHT(AB21,1)="_",MID(AB21,2,LEN(AB21)-2),RIGHT(AB21,LEN(AB21)-1)),IF(RIGHT(AB21,1)="_",LEFT(AB21,LEN(AB21)-1),AB21))) | AD21: =IF(OR(LOWER(TRIM(O21))="",LOWER(TRIM(O21))="nan",LOWER(TRIM(O21))="none",LOWER(TRIM(O21))="n/a"),"",SUBSTITUTE(SUBSTITUTE(SUBSTITUTE(SUBSTITUTE(SUBSTITUTE(SUBSTITUTE(SUBSTITUTE(SUBSTITUTE(SUBSTITUTE(SUBSTITUTE(SUBSTITUTE(SUBSTITUTE(SUBSTITUTE(SUBSTITUTE(SUBSTITUTE(SUBSTITUTE(SUBSTITUTE(SUBSTITUTE(SUBSTITUTE(SUBSTITUTE(SUBSTITUTE(SUBSTITUTE(SUBSTITUTE(SUBSTITUTE(SUBSTITUTE(SUBSTITUTE(SUBSTITUTE(SUBSTITUTE(SUBSTITUTE(SUBSTITUTE(SUBSTITUTE(SUBSTITUTE(SUBSTITUTE(SUBSTITUTE(SUBSTITUTE(SUBSTITUTE(SUBSTITUTE(SUBSTITUTE(LOWER(TRIM(O21))," ","_"),"!","_"),"#","_"),"$","_"),"%","_"),"&","_"),"'","_"),"(","_"),")","_"),"*","_"),"+","_"),",","_"),"-","_"),".","_"),"/","_"),":","_"),";","_"),"<","_"),"=","_"),">","_"),"?","_"),"@","_"),"[","_"),"\","_"),"]","_"),"^","_"),"`","_"),"{","_"),"|","_"),"}","_"),"~","_"),"–","_"),"—","_"),"’","_"),"“","_"),"”","_"),CHAR(9),"_"),CHAR(160),"_")) | AE21: =IF(AD21="","",SUBSTITUTE(SUBSTITUTE(SUBSTITUTE(SUBSTITUTE(SUBSTITUTE(SUBSTITUTE(SUBSTITUTE(SUBSTITUTE(AD21,"__","_"),"__","_"),"__","_"),"__","_"),"__","_"),"__","_"),"__","_"),"__","_")) | AF21: =IF(OR(AE21="",AE21="_"),"",IF(LEFT(AE21,1)="_",IF(RIGHT(AE21,1)="_",MID(AE21,2,LEN(AE21)-2),RIGHT(AE21,LEN(AE21)-1)),IF(RIGHT(AE21,1)="_",LEFT(AE21,LEN(AE21)-1),AE21))) | AG21: =IF(OR(LOWER(TRIM(P21))="",LOWER(TRIM(P21))="nan",LOWER(TRIM(P21))="none",LOWER(TRIM(P21))="n/a"),"",SUBSTITUTE(SUBSTITUTE(SUBSTITUTE(SUBSTITUTE(SUBSTITUTE(SUBSTITUTE(SUBSTITUTE(SUBSTITUTE(SUBSTITUTE(SUBSTITUTE(SUBSTITUTE(SUBSTITUTE(SUBSTITUTE(SUBSTITUTE(SUBSTITUTE(SUBSTITUTE(SUBSTITUTE(SUBSTITUTE(SUBSTITUTE(SUBSTITUTE(SUBSTITUTE(SUBSTITUTE(SUBSTITUTE(SUBSTITUTE(SUBSTITUTE(SUBSTITUTE(SUBSTITUTE(SUBSTITUTE(SUBSTITUTE(SUBSTITUTE(SUBSTITUTE(SUBSTITUTE(SUBSTITUTE(SUBSTITUTE(SUBSTITUTE(SUBSTITUTE(SUBSTITUTE(SUBSTITUTE(LOWER(TRIM(P21))," ","_"),"!","_"),"#","_"),"$","_"),"%","_"),"&","_"),"'","_"),"(","_"),")","_"),"*","_"),"+","_"),",","_"),"-","_"),".","_"),"/","_"),":","_"),";","_"),"<","_"),"=","_"),">","_"),"?","_"),"@","_"),"[","_"),"\","_"),"]","_"),"^","_"),"`","_"),"{","_"),"|","_"),"}","_"),"~","_"),"–","_"),"—","_"),"’","_"),"“","_"),"”","_"),CHAR(9),"_"),CHAR(160),"_")) | AH21: =IF(AG21="","",SUBSTITUTE(SUBSTITUTE(SUBSTITUTE(SUBSTITUTE(SUBSTITUTE(SUBSTITUTE(SUBSTITUTE(SUBSTITUTE(AG21,"__","_"),"__","_"),"__","_"),"__","_"),"__","_"),"__","_"),"__","_"),"__","_")) | AI21: =IF(OR(AH21="",AH21="_"),"",IF(LEFT(AH21,1)="_",IF(RIGHT(AH21,1)="_",MID(AH21,2,LEN(AH21)-2),RIGHT(AH21,LEN(AH21)-1)),IF(RIGHT(AH21,1)="_",LEFT(AH21,LEN(AH21)-1),AH21)))
L22: =IF(AC22<>"",AC22,"")&IF(AF22<>"",IF(AC22<>"","_"&AF22,AF22),"")&IF(AI22<>"",IF(AC22<>"","_"&AI22,AI22),"") | M22: =IF(TRIM(K22)<>"",TRIM(K22),L22) | N22: =IF(OR(A22="",B22="",C22="",D22="",F22="",G22="",H22="",I22=""),"Missing required field — fill in channel, market, activity_ownership, intended_model_role, model_input_measure, economic_treatment, planning_eligibility, and source.",IF(L22="","Missing required field — channel must be filled in to build an ID.",IF(COUNTIF($M$8:$M$31,M22)>1,"Duplicate activity ID — two rows currently build the same activity_id; add the next meaningful field, not a random number.",IF(AND(J22<>"",J22<>M22),"Existing activity_id differs from the built ID — review before using.","Ready")))) | AA22: =IF(OR(LOWER(TRIM(A22))="",LOWER(TRIM(A22))="nan",LOWER(TRIM(A22))="none",LOWER(TRIM(A22))="n/a"),"",SUBSTITUTE(SUBSTITUTE(SUBSTITUTE(SUBSTITUTE(SUBSTITUTE(SUBSTITUTE(SUBSTITUTE(SUBSTITUTE(SUBSTITUTE(SUBSTITUTE(SUBSTITUTE(SUBSTITUTE(SUBSTITUTE(SUBSTITUTE(SUBSTITUTE(SUBSTITUTE(SUBSTITUTE(SUBSTITUTE(SUBSTITUTE(SUBSTITUTE(SUBSTITUTE(SUBSTITUTE(SUBSTITUTE(SUBSTITUTE(SUBSTITUTE(SUBSTITUTE(SUBSTITUTE(SUBSTITUTE(SUBSTITUTE(SUBSTITUTE(SUBSTITUTE(SUBSTITUTE(SUBSTITUTE(SUBSTITUTE(SUBSTITUTE(SUBSTITUTE(SUBSTITUTE(SUBSTITUTE(LOWER(TRIM(A22))," ","_"),"!","_"),"#","_"),"$","_"),"%","_"),"&","_"),"'","_"),"(","_"),")","_"),"*","_"),"+","_"),",","_"),"-","_"),".","_"),"/","_"),":","_"),";","_"),"<","_"),"=","_"),">","_"),"?","_"),"@","_"),"[","_"),"\","_"),"]","_"),"^","_"),"`","_"),"{","_"),"|","_"),"}","_"),"~","_"),"–","_"),"—","_"),"’","_"),"“","_"),"”","_"),CHAR(9),"_"),CHAR(160),"_")) | AB22: =IF(AA22="","",SUBSTITUTE(SUBSTITUTE(SUBSTITUTE(SUBSTITUTE(SUBSTITUTE(SUBSTITUTE(SUBSTITUTE(SUBSTITUTE(AA22,"__","_"),"__","_"),"__","_"),"__","_"),"__","_"),"__","_"),"__","_"),"__","_")) | AC22: =IF(OR(AB22="",AB22="_"),"",IF(LEFT(AB22,1)="_",IF(RIGHT(AB22,1)="_",MID(AB22,2,LEN(AB22)-2),RIGHT(AB22,LEN(AB22)-1)),IF(RIGHT(AB22,1)="_",LEFT(AB22,LEN(AB22)-1),AB22))) | AD22: =IF(OR(LOWER(TRIM(O22))="",LOWER(TRIM(O22))="nan",LOWER(TRIM(O22))="none",LOWER(TRIM(O22))="n/a"),"",SUBSTITUTE(SUBSTITUTE(SUBSTITUTE(SUBSTITUTE(SUBSTITUTE(SUBSTITUTE(SUBSTITUTE(SUBSTITUTE(SUBSTITUTE(SUBSTITUTE(SUBSTITUTE(SUBSTITUTE(SUBSTITUTE(SUBSTITUTE(SUBSTITUTE(SUBSTITUTE(SUBSTITUTE(SUBSTITUTE(SUBSTITUTE(SUBSTITUTE(SUBSTITUTE(SUBSTITUTE(SUBSTITUTE(SUBSTITUTE(SUBSTITUTE(SUBSTITUTE(SUBSTITUTE(SUBSTITUTE(SUBSTITUTE(SUBSTITUTE(SUBSTITUTE(SUBSTITUTE(SUBSTITUTE(SUBSTITUTE(SUBSTITUTE(SUBSTITUTE(SUBSTITUTE(SUBSTITUTE(LOWER(TRIM(O22))," ","_"),"!","_"),"#","_"),"$","_"),"%","_"),"&","_"),"'","_"),"(","_"),")","_"),"*","_"),"+","_"),",","_"),"-","_"),".","_"),"/","_"),":","_"),";","_"),"<","_"),"=","_"),">","_"),"?","_"),"@","_"),"[","_"),"\","_"),"]","_"),"^","_"),"`","_"),"{","_"),"|","_"),"}","_"),"~","_"),"–","_"),"—","_"),"’","_"),"“","_"),"”","_"),CHAR(9),"_"),CHAR(160),"_")) | AE22: =IF(AD22="","",SUBSTITUTE(SUBSTITUTE(SUBSTITUTE(SUBSTITUTE(SUBSTITUTE(SUBSTITUTE(SUBSTITUTE(SUBSTITUTE(AD22,"__","_"),"__","_"),"__","_"),"__","_"),"__","_"),"__","_"),"__","_"),"__","_")) | AF22: =IF(OR(AE22="",AE22="_"),"",IF(LEFT(AE22,1)="_",IF(RIGHT(AE22,1)="_",MID(AE22,2,LEN(AE22)-2),RIGHT(AE22,LEN(AE22)-1)),IF(RIGHT(AE22,1)="_",LEFT(AE22,LEN(AE22)-1),AE22))) | AG22: =IF(OR(LOWER(TRIM(P22))="",LOWER(TRIM(P22))="nan",LOWER(TRIM(P22))="none",LOWER(TRIM(P22))="n/a"),"",SUBSTITUTE(SUBSTITUTE(SUBSTITUTE(SUBSTITUTE(SUBSTITUTE(SUBSTITUTE(SUBSTITUTE(SUBSTITUTE(SUBSTITUTE(SUBSTITUTE(SUBSTITUTE(SUBSTITUTE(SUBSTITUTE(SUBSTITUTE(SUBSTITUTE(SUBSTITUTE(SUBSTITUTE(SUBSTITUTE(SUBSTITUTE(SUBSTITUTE(SUBSTITUTE(SUBSTITUTE(SUBSTITUTE(SUBSTITUTE(SUBSTITUTE(SUBSTITUTE(SUBSTITUTE(SUBSTITUTE(SUBSTITUTE(SUBSTITUTE(SUBSTITUTE(SUBSTITUTE(SUBSTITUTE(SUBSTITUTE(SUBSTITUTE(SUBSTITUTE(SUBSTITUTE(SUBSTITUTE(LOWER(TRIM(P22))," ","_"),"!","_"),"#","_"),"$","_"),"%","_"),"&","_"),"'","_"),"(","_"),")","_"),"*","_"),"+","_"),",","_"),"-","_"),".","_"),"/","_"),":","_"),";","_"),"<","_"),"=","_"),">","_"),"?","_"),"@","_"),"[","_"),"\","_"),"]","_"),"^","_"),"`","_"),"{","_"),"|","_"),"}","_"),"~","_"),"–","_"),"—","_"),"’","_"),"“","_"),"”","_"),CHAR(9),"_"),CHAR(160),"_")) | AH22: =IF(AG22="","",SUBSTITUTE(SUBSTITUTE(SUBSTITUTE(SUBSTITUTE(SUBSTITUTE(SUBSTITUTE(SUBSTITUTE(SUBSTITUTE(AG22,"__","_"),"__","_"),"__","_"),"__","_"),"__","_"),"__","_"),"__","_"),"__","_")) | AI22: =IF(OR(AH22="",AH22="_"),"",IF(LEFT(AH22,1)="_",IF(RIGHT(AH22,1)="_",MID(AH22,2,LEN(AH22)-2),RIGHT(AH22,LEN(AH22)-1)),IF(RIGHT(AH22,1)="_",LEFT(AH22,LEN(AH22)-1),AH22)))
L23: =IF(AC23<>"",AC23,"")&IF(AF23<>"",IF(AC23<>"","_"&AF23,AF23),"")&IF(AI23<>"",IF(AC23<>"","_"&AI23,AI23),"") | M23: =IF(TRIM(K23)<>"",TRIM(K23),L23) | N23: =IF(OR(A23="",B23="",C23="",D23="",F23="",G23="",H23="",I23=""),"Missing required field — fill in channel, market, activity_ownership, intended_model_role, model_input_measure, economic_treatment, planning_eligibility, and source.",IF(L23="","Missing required field — channel must be filled in to build an ID.",IF(COUNTIF($M$8:$M$31,M23)>1,"Duplicate activity ID — two rows currently build the same activity_id; add the next meaningful field, not a random number.",IF(AND(J23<>"",J23<>M23),"Existing activity_id differs from the built ID — review before using.","Ready")))) | AA23: =IF(OR(LOWER(TRIM(A23))="",LOWER(TRIM(A23))="nan",LOWER(TRIM(A23))="none",LOWER(TRIM(A23))="n/a"),"",SUBSTITUTE(SUBSTITUTE(SUBSTITUTE(SUBSTITUTE(SUBSTITUTE(SUBSTITUTE(SUBSTITUTE(SUBSTITUTE(SUBSTITUTE(SUBSTITUTE(SUBSTITUTE(SUBSTITUTE(SUBSTITUTE(SUBSTITUTE(SUBSTITUTE(SUBSTITUTE(SUBSTITUTE(SUBSTITUTE(SUBSTITUTE(SUBSTITUTE(SUBSTITUTE(SUBSTITUTE(SUBSTITUTE(SUBSTITUTE(SUBSTITUTE(SUBSTITUTE(SUBSTITUTE(SUBSTITUTE(SUBSTITUTE(SUBSTITUTE(SUBSTITUTE(SUBSTITUTE(SUBSTITUTE(SUBSTITUTE(SUBSTITUTE(SUBSTITUTE(SUBSTITUTE(SUBSTITUTE(LOWER(TRIM(A23))," ","_"),"!","_"),"#","_"),"$","_"),"%","_"),"&","_"),"'","_"),"(","_"),")","_"),"*","_"),"+","_"),",","_"),"-","_"),".","_"),"/","_"),":","_"),";","_"),"<","_"),"=","_"),">","_"),"?","_"),"@","_"),"[","_"),"\","_"),"]","_"),"^","_"),"`","_"),"{","_"),"|","_"),"}","_"),"~","_"),"–","_"),"—","_"),"’","_"),"“","_"),"”","_"),CHAR(9),"_"),CHAR(160),"_")) | AB23: =IF(AA23="","",SUBSTITUTE(SUBSTITUTE(SUBSTITUTE(SUBSTITUTE(SUBSTITUTE(SUBSTITUTE(SUBSTITUTE(SUBSTITUTE(AA23,"__","_"),"__","_"),"__","_"),"__","_"),"__","_"),"__","_"),"__","_"),"__","_")) | AC23: =IF(OR(AB23="",AB23="_"),"",IF(LEFT(AB23,1)="_",IF(RIGHT(AB23,1)="_",MID(AB23,2,LEN(AB23)-2),RIGHT(AB23,LEN(AB23)-1)),IF(RIGHT(AB23,1)="_",LEFT(AB23,LEN(AB23)-1),AB23))) | AD23: =IF(OR(LOWER(TRIM(O23))="",LOWER(TRIM(O23))="nan",LOWER(TRIM(O23))="none",LOWER(TRIM(O23))="n/a"),"",SUBSTITUTE(SUBSTITUTE(SUBSTITUTE(SUBSTITUTE(SUBSTITUTE(SUBSTITUTE(SUBSTITUTE(SUBSTITUTE(SUBSTITUTE(SUBSTITUTE(SUBSTITUTE(SUBSTITUTE(SUBSTITUTE(SUBSTITUTE(SUBSTITUTE(SUBSTITUTE(SUBSTITUTE(SUBSTITUTE(SUBSTITUTE(SUBSTITUTE(SUBSTITUTE(SUBSTITUTE(SUBSTITUTE(SUBSTITUTE(SUBSTITUTE(SUBSTITUTE(SUBSTITUTE(SUBSTITUTE(SUBSTITUTE(SUBSTITUTE(SUBSTITUTE(SUBSTITUTE(SUBSTITUTE(SUBSTITUTE(SUBSTITUTE(SUBSTITUTE(SUBSTITUTE(SUBSTITUTE(LOWER(TRIM(O23))," ","_"),"!","_"),"#","_"),"$","_"),"%","_"),"&","_"),"'","_"),"(","_"),")","_"),"*","_"),"+","_"),",","_"),"-","_"),".","_"),"/","_"),":","_"),";","_"),"<","_"),"=","_"),">","_"),"?","_"),"@","_"),"[","_"),"\","_"),"]","_"),"^","_"),"`","_"),"{","_"),"|","_"),"}","_"),"~","_"),"–","_"),"—","_"),"’","_"),"“","_"),"”","_"),CHAR(9),"_"),CHAR(160),"_")) | AE23: =IF(AD23="","",SUBSTITUTE(SUBSTITUTE(SUBSTITUTE(SUBSTITUTE(SUBSTITUTE(SUBSTITUTE(SUBSTITUTE(SUBSTITUTE(AD23,"__","_"),"__","_"),"__","_"),"__","_"),"__","_"),"__","_"),"__","_"),"__","_")) | AF23: =IF(OR(AE23="",AE23="_"),"",IF(LEFT(AE23,1)="_",IF(RIGHT(AE23,1)="_",MID(AE23,2,LEN(AE23)-2),RIGHT(AE23,LEN(AE23)-1)),IF(RIGHT(AE23,1)="_",LEFT(AE23,LEN(AE23)-1),AE23))) | AG23: =IF(OR(LOWER(TRIM(P23))="",LOWER(TRIM(P23))="nan",LOWER(TRIM(P23))="none",LOWER(TRIM(P23))="n/a"),"",SUBSTITUTE(SUBSTITUTE(SUBSTITUTE(SUBSTITUTE(SUBSTITUTE(SUBSTITUTE(SUBSTITUTE(SUBSTITUTE(SUBSTITUTE(SUBSTITUTE(SUBSTITUTE(SUBSTITUTE(SUBSTITUTE(SUBSTITUTE(SUBSTITUTE(SUBSTITUTE(SUBSTITUTE(SUBSTITUTE(SUBSTITUTE(SUBSTITUTE(SUBSTITUTE(SUBSTITUTE(SUBSTITUTE(SUBSTITUTE(SUBSTITUTE(SUBSTITUTE(SUBSTITUTE(SUBSTITUTE(SUBSTITUTE(SUBSTITUTE(SUBSTITUTE(SUBSTITUTE(SUBSTITUTE(SUBSTITUTE(SUBSTITUTE(SUBSTITUTE(SUBSTITUTE(SUBSTITUTE(LOWER(TRIM(P23))," ","_"),"!","_"),"#","_"),"$","_"),"%","_"),"&","_"),"'","_"),"(","_"),")","_"),"*","_"),"+","_"),",","_"),"-","_"),".","_"),"/","_"),":","_"),";","_"),"<","_"),"=","_"),">","_"),"?","_"),"@","_"),"[","_"),"\","_"),"]","_"),"^","_"),"`","_"),"{","_"),"|","_"),"}","_"),"~","_"),"–","_"),"—","_"),"’","_"),"“","_"),"”","_"),CHAR(9),"_"),CHAR(160),"_")) | AH23: =IF(AG23="","",SUBSTITUTE(SUBSTITUTE(SUBSTITUTE(SUBSTITUTE(SUBSTITUTE(SUBSTITUTE(SUBSTITUTE(SUBSTITUTE(AG23,"__","_"),"__","_"),"__","_"),"__","_"),"__","_"),"__","_"),"__","_"),"__","_")) | AI23: =IF(OR(AH23="",AH23="_"),"",IF(LEFT(AH23,1)="_",IF(RIGHT(AH23,1)="_",MID(AH23,2,LEN(AH23)-2),RIGHT(AH23,LEN(AH23)-1)),IF(RIGHT(AH23,1)="_",LEFT(AH23,LEN(AH23)-1),AH23)))
... L31: =IF(AC31<>"",AC31,"")&IF(AF31<>"",IF(AC31<>"","_"&AF31,AF31),"")&IF(AI31<>"",IF(AC31<>"","_"&AI31,AI31),"") | M31: =IF(TRIM(K31)<>"",TRIM(K31),L31) | N31: =IF(OR(A31="",B31="",C31="",D31="",F31="",G31="",H31="",I31=""),"Missing required field — fill in channel, market, activity_ownership, intended_model_role, model_input_measure, economic_treatment, planning_eligibility, and source.",IF(L31="","Missing required field — channel must be filled in to build an ID.",IF(COUNTIF($M$8:$M$31,M31)>1,"Duplicate activity ID — two rows currently build the same activity_id; add the next meaningful field, not a random number.",IF(AND(J31<>"",J31<>M31),"Existing activity_id differs from the built ID — review before using.","Ready")))) | AA31: =IF(OR(LOWER(TRIM(A31))="",LOWER(TRIM(A31))="nan",LOWER(TRIM(A31))="none",LOWER(TRIM(A31))="n/a"),"",SUBSTITUTE(SUBSTITUTE(SUBSTITUTE(SUBSTITUTE(SUBSTITUTE(SUBSTITUTE(SUBSTITUTE(SUBSTITUTE(SUBSTITUTE(SUBSTITUTE(SUBSTITUTE(SUBSTITUTE(SUBSTITUTE(SUBSTITUTE(SUBSTITUTE(SUBSTITUTE(SUBSTITUTE(SUBSTITUTE(SUBSTITUTE(SUBSTITUTE(SUBSTITUTE(SUBSTITUTE(SUBSTITUTE(SUBSTITUTE(SUBSTITUTE(SUBSTITUTE(SUBSTITUTE(SUBSTITUTE(SUBSTITUTE(SUBSTITUTE(SUBSTITUTE(SUBSTITUTE(SUBSTITUTE(SUBSTITUTE(SUBSTITUTE(SUBSTITUTE(SUBSTITUTE(SUBSTITUTE(LOWER(TRIM(A31))," ","_"),"!","_"),"#","_"),"$","_"),"%","_"),"&","_"),"'","_"),"(","_"),")","_"),"*","_"),"+","_"),",","_"),"-","_"),".","_"),"/","_"),":","_"),";","_"),"<","_"),"=","_"),">","_"),"?","_"),"@","_"),"[","_"),"\","_"),"]","_"),"^","_"),"`","_"),"{","_"),"|","_"),"}","_"),"~","_"),"–","_"),"—","_"),"’","_"),"“","_"),"”","_"),CHAR(9),"_"),CHAR(160),"_")) | AB31: =IF(AA31="","",SUBSTITUTE(SUBSTITUTE(SUBSTITUTE(SUBSTITUTE(SUBSTITUTE(SUBSTITUTE(SUBSTITUTE(SUBSTITUTE(AA31,"__","_"),"__","_"),"__","_"),"__","_"),"__","_"),"__","_"),"__","_"),"__","_")) | AC31: =IF(OR(AB31="",AB31="_"),"",IF(LEFT(AB31,1)="_",IF(RIGHT(AB31,1)="_",MID(AB31,2,LEN(AB31)-2),RIGHT(AB31,LEN(AB31)-1)),IF(RIGHT(AB31,1)="_",LEFT(AB31,LEN(AB31)-1),AB31))) | AD31: =IF(OR(LOWER(TRIM(O31))="",LOWER(TRIM(O31))="nan",LOWER(TRIM(O31))="none",LOWER(TRIM(O31))="n/a"),"",SUBSTITUTE(SUBSTITUTE(SUBSTITUTE(SUBSTITUTE(SUBSTITUTE(SUBSTITUTE(SUBSTITUTE(SUBSTITUTE(SUBSTITUTE(SUBSTITUTE(SUBSTITUTE(SUBSTITUTE(SUBSTITUTE(SUBSTITUTE(SUBSTITUTE(SUBSTITUTE(SUBSTITUTE(SUBSTITUTE(SUBSTITUTE(SUBSTITUTE(SUBSTITUTE(SUBSTITUTE(SUBSTITUTE(SUBSTITUTE(SUBSTITUTE(SUBSTITUTE(SUBSTITUTE(SUBSTITUTE(SUBSTITUTE(SUBSTITUTE(SUBSTITUTE(SUBSTITUTE(SUBSTITUTE(SUBSTITUTE(SUBSTITUTE(SUBSTITUTE(SUBSTITUTE(SUBSTITUTE(LOWER(TRIM(O31))," ","_"),"!","_"),"#","_"),"$","_"),"%","_"),"&","_"),"'","_"),"(","_"),")","_"),"*","_"),"+","_"),",","_"),"-","_"),".","_"),"/","_"),":","_"),";","_"),"<","_"),"=","_"),">","_"),"?","_"),"@","_"),"[","_"),"\","_"),"]","_"),"^","_"),"`","_"),"{","_"),"|","_"),"}","_"),"~","_"),"–","_"),"—","_"),"’","_"),"“","_"),"”","_"),CHAR(9),"_"),CHAR(160),"_")) | AE31: =IF(AD31="","",SUBSTITUTE(SUBSTITUTE(SUBSTITUTE(SUBSTITUTE(SUBSTITUTE(SUBSTITUTE(SUBSTITUTE(SUBSTITUTE(AD31,"__","_"),"__","_"),"__","_"),"__","_"),"__","_"),"__","_"),"__","_"),"__","_")) | AF31: =IF(OR(AE31="",AE31="_"),"",IF(LEFT(AE31,1)="_",IF(RIGHT(AE31,1)="_",MID(AE31,2,LEN(AE31)-2),RIGHT(AE31,LEN(AE31)-1)),IF(RIGHT(AE31,1)="_",LEFT(AE31,LEN(AE31)-1),AE31))) | AG31: =IF(OR(LOWER(TRIM(P31))="",LOWER(TRIM(P31))="nan",LOWER(TRIM(P31))="none",LOWER(TRIM(P31))="n/a"),"",SUBSTITUTE(SUBSTITUTE(SUBSTITUTE(SUBSTITUTE(SUBSTITUTE(SUBSTITUTE(SUBSTITUTE(SUBSTITUTE(SUBSTITUTE(SUBSTITUTE(SUBSTITUTE(SUBSTITUTE(SUBSTITUTE(SUBSTITUTE(SUBSTITUTE(SUBSTITUTE(SUBSTITUTE(SUBSTITUTE(SUBSTITUTE(SUBSTITUTE(SUBSTITUTE(SUBSTITUTE(SUBSTITUTE(SUBSTITUTE(SUBSTITUTE(SUBSTITUTE(SUBSTITUTE(SUBSTITUTE(SUBSTITUTE(SUBSTITUTE(SUBSTITUTE(SUBSTITUTE(SUBSTITUTE(SUBSTITUTE(SUBSTITUTE(SUBSTITUTE(SUBSTITUTE(SUBSTITUTE(LOWER(TRIM(P31))," ","_"),"!","_"),"#","_"),"$","_"),"%","_"),"&","_"),"'","_"),"(","_"),")","_"),"*","_"),"+","_"),",","_"),"-","_"),".","_"),"/","_"),":","_"),";","_"),"<","_"),"=","_"),">","_"),"?","_"),"@","_"),"[","_"),"\","_"),"]","_"),"^","_"),"`","_"),"{","_"),"|","_"),"}","_"),"~","_"),"–","_"),"—","_"),"’","_"),"“","_"),"”","_"),CHAR(9),"_"),CHAR(160),"_")) | AH31: =IF(AG31="","",SUBSTITUTE(SUBSTITUTE(SUBSTITUTE(SUBSTITUTE(SUBSTITUTE(SUBSTITUTE(SUBSTITUTE(SUBSTITUTE(AG31,"__","_"),"__","_"),"__","_"),"__","_"),"__","_"),"__","_"),"__","_"),"__","_")) | AI31: =IF(OR(AH31="",AH31="_"),"",IF(LEFT(AH31,1)="_",IF(RIGHT(AH31,1)="_",MID(AH31,2,LEN(AH31)-2),RIGHT(AH31,LEN(AH31)-1)),IF(RIGHT(AH31,1)="_",LEFT(AH31,LEN(AH31)-1),AH31)))

Sheet DICTIONARY_OUTPUT
A1: activity_id | B1: market | C1: pooling_group_id | D1: channel | E1: platform | F1: campaign_type | G1: marketing_objective | H1: funnel_stage | I1: product_advertised | J1: message_type | K1: activity_ownership | L1: intended_model_role | M1: model_input_column | N1: model_input_measure | O1: economic_treatment | P1: planning_eligibility | Q1: source | R1: model_input_unit | S1: model_input_kind | T1: spend_column | U1: response_unit_column | V1: response_unit | W1: currency | X1: effective_from | Y1: effective_to
A2: ='BUILDER'!M8 | B2: ='BUILDER'!B8 | C2: ='BUILDER'!Q8 | D2: ='BUILDER'!A8 | E2: =IF(TRIM('BUILDER'!O8)<>"",'BUILDER'!O8,"not specified") | F2: =IF(TRIM('BUILDER'!P8)<>"",'BUILDER'!P8,"not specified") | G2: =IF(TRIM('BUILDER'!S8)<>"",'BUILDER'!S8,"not specified") | H2: =IF(TRIM('BUILDER'!R8)<>"",'BUILDER'!R8,"unclassified") | I2: =IF(TRIM('BUILDER'!T8)<>"",'BUILDER'!T8,"not specified") | J2: =IF(TRIM('BUILDER'!U8)<>"",'BUILDER'!U8,"not specified") | K2: ='BUILDER'!C8 | L2: ='BUILDER'!D8 | M2: =IF(TRIM('BUILDER'!E8)<>"",'BUILDER'!E8,'BUILDER'!M8) | N2: ='BUILDER'!F8 | O2: ='BUILDER'!G8 | P2: ='BUILDER'!H8 | Q2: ='BUILDER'!I8 | W2: ='BUILDER'!V8 | X2: ='BUILDER'!W8 | Y2: ='BUILDER'!X8
A3: ='BUILDER'!M9 | B3: ='BUILDER'!B9 | C3: ='BUILDER'!Q9 | D3: ='BUILDER'!A9 | E3: =IF(TRIM('BUILDER'!O9)<>"",'BUILDER'!O9,"not specified") | F3: =IF(TRIM('BUILDER'!P9)<>"",'BUILDER'!P9,"not specified") | G3: =IF(TRIM('BUILDER'!S9)<>"",'BUILDER'!S9,"not specified") | H3: =IF(TRIM('BUILDER'!R9)<>"",'BUILDER'!R9,"unclassified") | I3: =IF(TRIM('BUILDER'!T9)<>"",'BUILDER'!T9,"not specified") | J3: =IF(TRIM('BUILDER'!U9)<>"",'BUILDER'!U9,"not specified") | K3: ='BUILDER'!C9 | L3: ='BUILDER'!D9 | M3: =IF(TRIM('BUILDER'!E9)<>"",'BUILDER'!E9,'BUILDER'!M9) | N3: ='BUILDER'!F9 | O3: ='BUILDER'!G9 | P3: ='BUILDER'!H9 | Q3: ='BUILDER'!I9 | W3: ='BUILDER'!V9 | X3: ='BUILDER'!W9 | Y3: ='BUILDER'!X9
A4: ='BUILDER'!M10 | B4: ='BUILDER'!B10 | C4: ='BUILDER'!Q10 | D4: ='BUILDER'!A10 | E4: =IF(TRIM('BUILDER'!O10)<>"",'BUILDER'!O10,"not specified") | F4: =IF(TRIM('BUILDER'!P10)<>"",'BUILDER'!P10,"not specified") | G4: =IF(TRIM('BUILDER'!S10)<>"",'BUILDER'!S10,"not specified") | H4: =IF(TRIM('BUILDER'!R10)<>"",'BUILDER'!R10,"unclassified") | I4: =IF(TRIM('BUILDER'!T10)<>"",'BUILDER'!T10,"not specified") | J4: =IF(TRIM('BUILDER'!U10)<>"",'BUILDER'!U10,"not specified") | K4: ='BUILDER'!C10 | L4: ='BUILDER'!D10 | M4: =IF(TRIM('BUILDER'!E10)<>"",'BUILDER'!E10,'BUILDER'!M10) | N4: ='BUILDER'!F10 | O4: ='BUILDER'!G10 | P4: ='BUILDER'!H10 | Q4: ='BUILDER'!I10 | W4: ='BUILDER'!V10 | X4: ='BUILDER'!W10 | Y4: ='BUILDER'!X10
A5: ='BUILDER'!M11 | B5: ='BUILDER'!B11 | C5: ='BUILDER'!Q11 | D5: ='BUILDER'!A11 | E5: =IF(TRIM('BUILDER'!O11)<>"",'BUILDER'!O11,"not specified") | F5: =IF(TRIM('BUILDER'!P11)<>"",'BUILDER'!P11,"not specified") | G5: =IF(TRIM('BUILDER'!S11)<>"",'BUILDER'!S11,"not specified") | H5: =IF(TRIM('BUILDER'!R11)<>"",'BUILDER'!R11,"unclassified") | I5: =IF(TRIM('BUILDER'!T11)<>"",'BUILDER'!T11,"not specified") | J5: =IF(TRIM('BUILDER'!U11)<>"",'BUILDER'!U11,"not specified") | K5: ='BUILDER'!C11 | L5: ='BUILDER'!D11 | M5: =IF(TRIM('BUILDER'!E11)<>"",'BUILDER'!E11,'BUILDER'!M11) | N5: ='BUILDER'!F11 | O5: ='BUILDER'!G11 | P5: ='BUILDER'!H11 | Q5: ='BUILDER'!I11 | W5: ='BUILDER'!V11 | X5: ='BUILDER'!W11 | Y5: ='BUILDER'!X11
A6: ='BUILDER'!M12 | B6: ='BUILDER'!B12 | C6: ='BUILDER'!Q12 | D6: ='BUILDER'!A12 | E6: =IF(TRIM('BUILDER'!O12)<>"",'BUILDER'!O12,"not specified") | F6: =IF(TRIM('BUILDER'!P12)<>"",'BUILDER'!P12,"not specified") | G6: =IF(TRIM('BUILDER'!S12)<>"",'BUILDER'!S12,"not specified") | H6: =IF(TRIM('BUILDER'!R12)<>"",'BUILDER'!R12,"unclassified") | I6: =IF(TRIM('BUILDER'!T12)<>"",'BUILDER'!T12,"not specified") | J6: =IF(TRIM('BUILDER'!U12)<>"",'BUILDER'!U12,"not specified") | K6: ='BUILDER'!C12 | L6: ='BUILDER'!D12 | M6: =IF(TRIM('BUILDER'!E12)<>"",'BUILDER'!E12,'BUILDER'!M12) | N6: ='BUILDER'!F12 | O6: ='BUILDER'!G12 | P6: ='BUILDER'!H12 | Q6: ='BUILDER'!I12 | W6: ='BUILDER'!V12 | X6: ='BUILDER'!W12 | Y6: ='BUILDER'!X12
A7: ='BUILDER'!M13 | B7: ='BUILDER'!B13 | C7: ='BUILDER'!Q13 | D7: ='BUILDER'!A13 | E7: =IF(TRIM('BUILDER'!O13)<>"",'BUILDER'!O13,"not specified") | F7: =IF(TRIM('BUILDER'!P13)<>"",'BUILDER'!P13,"not specified") | G7: =IF(TRIM('BUILDER'!S13)<>"",'BUILDER'!S13,"not specified") | H7: =IF(TRIM('BUILDER'!R13)<>"",'BUILDER'!R13,"unclassified") | I7: =IF(TRIM('BUILDER'!T13)<>"",'BUILDER'!T13,"not specified") | J7: =IF(TRIM('BUILDER'!U13)<>"",'BUILDER'!U13,"not specified") | K7: ='BUILDER'!C13 | L7: ='BUILDER'!D13 | M7: =IF(TRIM('BUILDER'!E13)<>"",'BUILDER'!E13,'BUILDER'!M13) | N7: ='BUILDER'!F13 | O7: ='BUILDER'!G13 | P7: ='BUILDER'!H13 | Q7: ='BUILDER'!I13 | W7: ='BUILDER'!V13 | X7: ='BUILDER'!W13 | Y7: ='BUILDER'!X13
A8: ='BUILDER'!M14 | B8: ='BUILDER'!B14 | C8: ='BUILDER'!Q14 | D8: ='BUILDER'!A14 | E8: =IF(TRIM('BUILDER'!O14)<>"",'BUILDER'!O14,"not specified") | F8: =IF(TRIM('BUILDER'!P14)<>"",'BUILDER'!P14,"not specified") | G8: =IF(TRIM('BUILDER'!S14)<>"",'BUILDER'!S14,"not specified") | H8: =IF(TRIM('BUILDER'!R14)<>"",'BUILDER'!R14,"unclassified") | I8: =IF(TRIM('BUILDER'!T14)<>"",'BUILDER'!T14,"not specified") | J8: =IF(TRIM('BUILDER'!U14)<>"",'BUILDER'!U14,"not specified") | K8: ='BUILDER'!C14 | L8: ='BUILDER'!D14 | M8: =IF(TRIM('BUILDER'!E14)<>"",'BUILDER'!E14,'BUILDER'!M14) | N8: ='BUILDER'!F14 | O8: ='BUILDER'!G14 | P8: ='BUILDER'!H14 | Q8: ='BUILDER'!I14 | W8: ='BUILDER'!V14 | X8: ='BUILDER'!W14 | Y8: ='BUILDER'!X14
A9: ='BUILDER'!M15 | B9: ='BUILDER'!B15 | C9: ='BUILDER'!Q15 | D9: ='BUILDER'!A15 | E9: =IF(TRIM('BUILDER'!O15)<>"",'BUILDER'!O15,"not specified") | F9: =IF(TRIM('BUILDER'!P15)<>"",'BUILDER'!P15,"not specified") | G9: =IF(TRIM('BUILDER'!S15)<>"",'BUILDER'!S15,"not specified") | H9: =IF(TRIM('BUILDER'!R15)<>"",'BUILDER'!R15,"unclassified") | I9: =IF(TRIM('BUILDER'!T15)<>"",'BUILDER'!T15,"not specified") | J9: =IF(TRIM('BUILDER'!U15)<>"",'BUILDER'!U15,"not specified") | K9: ='BUILDER'!C15 | L9: ='BUILDER'!D15 | M9: =IF(TRIM('BUILDER'!E15)<>"",'BUILDER'!E15,'BUILDER'!M15) | N9: ='BUILDER'!F15 | O9: ='BUILDER'!G15 | P9: ='BUILDER'!H15 | Q9: ='BUILDER'!I15 | W9: ='BUILDER'!V15 | X9: ='BUILDER'!W15 | Y9: ='BUILDER'!X15
A10: ='BUILDER'!M16 | B10: ='BUILDER'!B16 | C10: ='BUILDER'!Q16 | D10: ='BUILDER'!A16 | E10: =IF(TRIM('BUILDER'!O16)<>"",'BUILDER'!O16,"not specified") | F10: =IF(TRIM('BUILDER'!P16)<>"",'BUILDER'!P16,"not specified") | G10: =IF(TRIM('BUILDER'!S16)<>"",'BUILDER'!S16,"not specified") | H10: =IF(TRIM('BUILDER'!R16)<>"",'BUILDER'!R16,"unclassified") | I10: =IF(TRIM('BUILDER'!T16)<>"",'BUILDER'!T16,"not specified") | J10: =IF(TRIM('BUILDER'!U16)<>"",'BUILDER'!U16,"not specified") | K10: ='BUILDER'!C16 | L10: ='BUILDER'!D16 | M10: =IF(TRIM('BUILDER'!E16)<>"",'BUILDER'!E16,'BUILDER'!M16) | N10: ='BUILDER'!F16 | O10: ='BUILDER'!G16 | P10: ='BUILDER'!H16 | Q10: ='BUILDER'!I16 | W10: ='BUILDER'!V16 | X10: ='BUILDER'!W16 | Y10: ='BUILDER'!X16
A11: ='BUILDER'!M17 | B11: ='BUILDER'!B17 | C11: ='BUILDER'!Q17 | D11: ='BUILDER'!A17 | E11: =IF(TRIM('BUILDER'!O17)<>"",'BUILDER'!O17,"not specified") | F11: =IF(TRIM('BUILDER'!P17)<>"",'BUILDER'!P17,"not specified") | G11: =IF(TRIM('BUILDER'!S17)<>"",'BUILDER'!S17,"not specified") | H11: =IF(TRIM('BUILDER'!R17)<>"",'BUILDER'!R17,"unclassified") | I11: =IF(TRIM('BUILDER'!T17)<>"",'BUILDER'!T17,"not specified") | J11: =IF(TRIM('BUILDER'!U17)<>"",'BUILDER'!U17,"not specified") | K11: ='BUILDER'!C17 | L11: ='BUILDER'!D17 | M11: =IF(TRIM('BUILDER'!E17)<>"",'BUILDER'!E17,'BUILDER'!M17) | N11: ='BUILDER'!F17 | O11: ='BUILDER'!G17 | P11: ='BUILDER'!H17 | Q11: ='BUILDER'!I17 | W11: ='BUILDER'!V17 | X11: ='BUILDER'!W17 | Y11: ='BUILDER'!X17
A12: ='BUILDER'!M18 | B12: ='BUILDER'!B18 | C12: ='BUILDER'!Q18 | D12: ='BUILDER'!A18 | E12: =IF(TRIM('BUILDER'!O18)<>"",'BUILDER'!O18,"not specified") | F12: =IF(TRIM('BUILDER'!P18)<>"",'BUILDER'!P18,"not specified") | G12: =IF(TRIM('BUILDER'!S18)<>"",'BUILDER'!S18,"not specified") | H12: =IF(TRIM('BUILDER'!R18)<>"",'BUILDER'!R18,"unclassified") | I12: =IF(TRIM('BUILDER'!T18)<>"",'BUILDER'!T18,"not specified") | J12: =IF(TRIM('BUILDER'!U18)<>"",'BUILDER'!U18,"not specified") | K12: ='BUILDER'!C18 | L12: ='BUILDER'!D18 | M12: =IF(TRIM('BUILDER'!E18)<>"",'BUILDER'!E18,'BUILDER'!M18) | N12: ='BUILDER'!F18 | O12: ='BUILDER'!G18 | P12: ='BUILDER'!H18 | Q12: ='BUILDER'!I18 | W12: ='BUILDER'!V18 | X12: ='BUILDER'!W18 | Y12: ='BUILDER'!X18
A13: ='BUILDER'!M19 | B13: ='BUILDER'!B19 | C13: ='BUILDER'!Q19 | D13: ='BUILDER'!A19 | E13: =IF(TRIM('BUILDER'!O19)<>"",'BUILDER'!O19,"not specified") | F13: =IF(TRIM('BUILDER'!P19)<>"",'BUILDER'!P19,"not specified") | G13: =IF(TRIM('BUILDER'!S19)<>"",'BUILDER'!S19,"not specified") | H13: =IF(TRIM('BUILDER'!R19)<>"",'BUILDER'!R19,"unclassified") | I13: =IF(TRIM('BUILDER'!T19)<>"",'BUILDER'!T19,"not specified") | J13: =IF(TRIM('BUILDER'!U19)<>"",'BUILDER'!U19,"not specified") | K13: ='BUILDER'!C19 | L13: ='BUILDER'!D19 | M13: =IF(TRIM('BUILDER'!E19)<>"",'BUILDER'!E19,'BUILDER'!M19) | N13: ='BUILDER'!F19 | O13: ='BUILDER'!G19 | P13: ='BUILDER'!H19 | Q13: ='BUILDER'!I19 | W13: ='BUILDER'!V19 | X13: ='BUILDER'!W19 | Y13: ='BUILDER'!X19
... A25: ='BUILDER'!M31 | B25: ='BUILDER'!B31 | C25: ='BUILDER'!Q31 | D25: ='BUILDER'!A31 | E25: =IF(TRIM('BUILDER'!O31)<>"",'BUILDER'!O31,"not specified") | F25: =IF(TRIM('BUILDER'!P31)<>"",'BUILDER'!P31,"not specified") | G25: =IF(TRIM('BUILDER'!S31)<>"",'BUILDER'!S31,"not specified") | H25: =IF(TRIM('BUILDER'!R31)<>"",'BUILDER'!R31,"unclassified") | I25: =IF(TRIM('BUILDER'!T31)<>"",'BUILDER'!T31,"not specified") | J25: =IF(TRIM('BUILDER'!U31)<>"",'BUILDER'!U31,"not specified") | K25: ='BUILDER'!C31 | L25: ='BUILDER'!D31 | M25: =IF(TRIM('BUILDER'!E31)<>"",'BUILDER'!E31,'BUILDER'!M31) | N25: ='BUILDER'!F31 | O25: ='BUILDER'!G31 | P25: ='BUILDER'!H31 | Q25: ='BUILDER'!I31 | W25: ='BUILDER'!V31 | X25: ='BUILDER'!W31 | Y25: ='BUILDER'!X31

Sheet ALLOWED_VALUES
A1: Field | B1: Accepted value | C1: Plain-English meaning | D1: When to use
A2: activity_ownership | B2: paid | C2: Who controls or supplies the activity. | D2: Always -- keeps paid, owned, earned, and events distinct.
A3: activity_ownership | B3: owned | C3: Who controls or supplies the activity. | D3: Always -- keeps paid, owned, earned, and events distinct.
A4: activity_ownership | B4: earned | C4: Who controls or supplies the activity. | D4: Always -- keeps paid, owned, earned, and events distinct.
A5: activity_ownership | B5: external_event | C5: Who controls or supplies the activity. | D5: Always -- keeps paid, owned, earned, and events distinct.
A6: intended_model_role | B6: mediator | C6: Intended role in the model. | D6: Always -- separates treatments, controls, mediators, and demand capture.
A7: intended_model_role | B7: event | C7: Intended role in the model. | D7: Always -- separates treatments, controls, mediators, and demand capture.
A8: intended_model_role | B8: demand_capture | C8: Intended role in the model. | D8: Always -- separates treatments, controls, mediators, and demand capture.
A9: intended_model_role | B9: control | C9: Intended role in the model. | D9: Always -- separates treatments, controls, mediators, and demand capture.
A10: intended_model_role | B10: intervention | C10: Intended role in the model. | D10: Always -- separates treatments, controls, mediators, and demand capture.
A11: economic_treatment | B11: paid_media_cost | C11: How cost/value is treated. | D11: Always -- keeps economics separate from physical measurement.
A12: economic_treatment | B12: fully_loaded_cost | C12: How cost/value is treated. | D12: Always -- keeps economics separate from physical measurement.
... A39: effective_to | B39: Free text — no fixed list | C39: Not a governed enum. | D39: Enter as plain text; there is no dropdown.

Sheet EXAMPLES
A1: Check | B1: Good | C1: Invalid / risky | D1: Reason
A2: Raw vs model-ready | B2: model_input_measure=spend; model_input_column=uk_paid_search_google_brand | C2: model_input_measure=uk_paid_search_google_brand | D2: The first is a raw source header; the second is a destination.
A3: Search leaves | B3: Google Brand, Bing Brand, Google Non-Brand, Bing Non-Brand | C3: One generic Brand Search activity | D3: Parent totals are calculated from explicit leaves.
A4: Identity | B4: paid_search_google_brand | C4: paid_search_2026_01_05_uk_12345 | D4: Do not encode time or random numbers into stable identity.
A5: Capacity | B5: paid_search_cap as separate governed cap | C5: cap copied into spend | D5: A cap is a constraint, not realised spend.
A6: Measures | B6: spend + clicks + impressions retained; one selected input | C6: all measures silently summed | D6: Raw measures have different meanings and units.
