Workbook

Sheet START_HERE
A1: Outcome / KPI Dictionary Builder
A2: Formula-driven, no VBA -- builds a complete outcome_dictionary row and its outcome_id
A4: What this builder is for
A5: Use this workbook to define one row per KPI (outcome) you want the model to explain -- things like GSA, sign-ups, or Net Bill Through, split by segment.
A6: It asks only for the choices you genuinely have to make, builds a stable outcome_id for you, and produces a clean row ready to paste into the outcome_dictionary sheet of the standard Outcomes upload workbook.
A8: What you need to fill in
A9: Go to the BUILDER sheet. Fill in product, metric_key, segment, and metric for every KPI row -- these are the fields outcome_id is built from.
A10: Only fill in the amber (Fields you may need) columns if they apply: outcome grouping, eligibility overrides, or value reporting. Leave them blank otherwise -- the app already has sensible defaults.
A11: Only fill in the grey (official-approval) columns once you are ready to get this outcome approved for production reporting.
A13: What is generated automatically
A14: Generated ID -- built from product + metric_key + segment.
A15: Final ID -- the Generated ID, unless you type something in Manual override.
... A36: This builder never asks for your weekly numbers. Those go in the outcomes sheet of the same Outcomes upload workbook -- one column per outcome_id, one row per period_start x market.

Sheet BUILDER
A7: product | B7: metric_key | C7: segment | D7: metric | E7: source_column | F7: outcome_id (existing) | G7: Manual override | H7: Generated ID | I7: Final ID | J7: Row status | K7: segment_dimension | L7: outcome_group_id | M7: outcome_group_label | N7: outcome_family_key | O7: group_aggregation | P7: role | Q7: included_in_fit | R7: include_in_default_reporting | S7: include_in_official_total | T7: include_in_value | U7: include_in_optimisation | V7: value_weight | W7: value_currency | X7: definition_version | Y7: event_definition | Z7: cohort_or_attribution_basis | AA7: completeness_or_maturity_policy | AB7: exclusions | AC7: reconciliation_source | AD7: business_owner | AE7: effective_from | AF7: effective_to | AI7: _A_clean | AJ7: _A_collapsed | AK7: _A_token | AL7: _B_clean | AM7: _B_collapsed | AN7: _B_token | AO7: _C_clean | AP7: _C_collapsed | AQ7: _C_token
A8: Family History | B8: fh_gsa | C8: New | D8: GSA | H8: =IF(AK8<>"",AK8,"")&IF(AN8<>"",IF(AK8<>"","_"&AN8,AN8),"")&IF(AQ8<>"",IF(AK8<>"","_"&AQ8,AQ8),"") | I8: =IF(TRIM(G8)<>"",TRIM(G8),H8) | J8: =IF(OR(A8="",B8="",C8="",D8=""),"Missing required field — fill in product, metric_key, segment, and metric before this row can be used.",IF(H8="","Missing required field — product, metric_key, and segment must combine into an ID.",IF(COUNTIF($I$8:$I$32,I8)>1,"Duplicate outcome ID — two rows currently build the same outcome_id; add a distinguishing detail.",IF(AND(F8<>"",F8<>I8),"Existing outcome_id differs from the built ID — review before using.","Ready")))) | AI8: =IF(OR(LOWER(TRIM(A8))="",LOWER(TRIM(A8))="nan",LOWER(TRIM(A8))="none",LOWER(TRIM(A8))="n/a"),"",SUBSTITUTE(SUBSTITUTE(SUBSTITUTE(SUBSTITUTE(SUBSTITUTE(SUBSTITUTE(SUBSTITUTE(SUBSTITUTE(SUBSTITUTE(SUBSTITUTE(SUBSTITUTE(SUBSTITUTE(SUBSTITUTE(SUBSTITUTE(SUBSTITUTE(SUBSTITUTE(SUBSTITUTE(SUBSTITUTE(SUBSTITUTE(SUBSTITUTE(SUBSTITUTE(SUBSTITUTE(SUBSTITUTE(SUBSTITUTE(SUBSTITUTE(SUBSTITUTE(SUBSTITUTE(SUBSTITUTE(SUBSTITUTE(SUBSTITUTE(SUBSTITUTE(SUBSTITUTE(SUBSTITUTE(SUBSTITUTE(SUBSTITUTE(SUBSTITUTE(SUBSTITUTE(SUBSTITUTE(LOWER(TRIM(A8))," ","_"),"!","_"),"#","_"),"$","_"),"%","_"),"&","_"),"'","_"),"(","_"),")","_"),"*","_"),"+","_"),",","_"),"-","_"),".","_"),"/","_"),":","_"),";","_"),"<","_"),"=","_"),">","_"),"?","_"),"@","_"),"[","_"),"\","_"),"]","_"),"^","_"),"`","_"),"{","_"),"|","_"),"}","_"),"~","_"),"–","_"),"—","_"),"’","_"),"“","_"),"”","_"),CHAR(9),"_"),CHAR(160),"_")) | AJ8: =IF(AI8="","",SUBSTITUTE(SUBSTITUTE(SUBSTITUTE(SUBSTITUTE(SUBSTITUTE(SUBSTITUTE(SUBSTITUTE(SUBSTITUTE(AI8,"__","_"),"__","_"),"__","_"),"__","_"),"__","_"),"__","_"),"__","_"),"__","_")) | AK8: =IF(OR(AJ8="",AJ8="_"),"",IF(LEFT(AJ8,1)="_",IF(RIGHT(AJ8,1)="_",MID(AJ8,2,LEN(AJ8)-2),RIGHT(AJ8,LEN(AJ8)-1)),IF(RIGHT(AJ8,1)="_",LEFT(AJ8,LEN(AJ8)-1),AJ8))) | AL8: =IF(OR(LOWER(TRIM(B8))="",LOWER(TRIM(B8))="nan",LOWER(TRIM(B8))="none",LOWER(TRIM(B8))="n/a"),"",SUBSTITUTE(SUBSTITUTE(SUBSTITUTE(SUBSTITUTE(SUBSTITUTE(SUBSTITUTE(SUBSTITUTE(SUBSTITUTE(SUBSTITUTE(SUBSTITUTE(SUBSTITUTE(SUBSTITUTE(SUBSTITUTE(SUBSTITUTE(SUBSTITUTE(SUBSTITUTE(SUBSTITUTE(SUBSTITUTE(SUBSTITUTE(SUBSTITUTE(SUBSTITUTE(SUBSTITUTE(SUBSTITUTE(SUBSTITUTE(SUBSTITUTE(SUBSTITUTE(SUBSTITUTE(SUBSTITUTE(SUBSTITUTE(SUBSTITUTE(SUBSTITUTE(SUBSTITUTE(SUBSTITUTE(SUBSTITUTE(SUBSTITUTE(SUBSTITUTE(SUBSTITUTE(SUBSTITUTE(LOWER(TRIM(B8))," ","_"),"!","_"),"#","_"),"$","_"),"%","_"),"&","_"),"'","_"),"(","_"),")","_"),"*","_"),"+","_"),",","_"),"-","_"),".","_"),"/","_"),":","_"),";","_"),"<","_"),"=","_"),">","_"),"?","_"),"@","_"),"[","_"),"\","_"),"]","_"),"^","_"),"`","_"),"{","_"),"|","_"),"}","_"),"~","_"),"–","_"),"—","_"),"’","_"),"“","_"),"”","_"),CHAR(9),"_"),CHAR(160),"_")) | AM8: =IF(AL8="","",SUBSTITUTE(SUBSTITUTE(SUBSTITUTE(SUBSTITUTE(SUBSTITUTE(SUBSTITUTE(SUBSTITUTE(SUBSTITUTE(AL8,"__","_"),"__","_"),"__","_"),"__","_"),"__","_"),"__","_"),"__","_"),"__","_")) | AN8: =IF(OR(AM8="",AM8="_"),"",IF(LEFT(AM8,1)="_",IF(RIGHT(AM8,1)="_",MID(AM8,2,LEN(AM8)-2),RIGHT(AM8,LEN(AM8)-1)),IF(RIGHT(AM8,1)="_",LEFT(AM8,LEN(AM8)-1),AM8))) | AO8: =IF(OR(LOWER(TRIM(C8))="",LOWER(TRIM(C8))="nan",LOWER(TRIM(C8))="none",LOWER(TRIM(C8))="n/a"),"",SUBSTITUTE(SUBSTITUTE(SUBSTITUTE(SUBSTITUTE(SUBSTITUTE(SUBSTITUTE(SUBSTITUTE(SUBSTITUTE(SUBSTITUTE(SUBSTITUTE(SUBSTITUTE(SUBSTITUTE(SUBSTITUTE(SUBSTITUTE(SUBSTITUTE(SUBSTITUTE(SUBSTITUTE(SUBSTITUTE(SUBSTITUTE(SUBSTITUTE(SUBSTITUTE(SUBSTITUTE(SUBSTITUTE(SUBSTITUTE(SUBSTITUTE(SUBSTITUTE(SUBSTITUTE(SUBSTITUTE(SUBSTITUTE(SUBSTITUTE(SUBSTITUTE(SUBSTITUTE(SUBSTITUTE(SUBSTITUTE(SUBSTITUTE(SUBSTITUTE(SUBSTITUTE(SUBSTITUTE(LOWER(TRIM(C8))," ","_"),"!","_"),"#","_"),"$","_"),"%","_"),"&","_"),"'","_"),"(","_"),")","_"),"*","_"),"+","_"),",","_"),"-","_"),".","_"),"/","_"),":","_"),";","_"),"<","_"),"=","_"),">","_"),"?","_"),"@","_"),"[","_"),"\","_"),"]","_"),"^","_"),"`","_"),"{","_"),"|","_"),"}","_"),"~","_"),"–","_"),"—","_"),"’","_"),"“","_"),"”","_"),CHAR(9),"_"),CHAR(160),"_")) | AP8: =IF(AO8="","",SUBSTITUTE(SUBSTITUTE(SUBSTITUTE(SUBSTITUTE(SUBSTITUTE(SUBSTITUTE(SUBSTITUTE(SUBSTITUTE(AO8,"__","_"),"__","_"),"__","_"),"__","_"),"__","_"),"__","_"),"__","_"),"__","_")) | AQ8: =IF(OR(AP8="",AP8="_"),"",IF(LEFT(AP8,1)="_",IF(RIGHT(AP8,1)="_",MID(AP8,2,LEN(AP8)-2),RIGHT(AP8,LEN(AP8)-1)),IF(RIGHT(AP8,1)="_",LEFT(AP8,LEN(AP8)-1),AP8)))
A9: Family History | B9: fh_gsa | C9: DNA_CrossSell | D9: GSA | H9: =IF(AK9<>"",AK9,"")&IF(AN9<>"",IF(AK9<>"","_"&AN9,AN9),"")&IF(AQ9<>"",IF(AK9<>"","_"&AQ9,AQ9),"") | I9: =IF(TRIM(G9)<>"",TRIM(G9),H9) | J9: =IF(OR(A9="",B9="",C9="",D9=""),"Missing required field — fill in product, metric_key, segment, and metric before this row can be used.",IF(H9="","Missing required field — product, metric_key, and segment must combine into an ID.",IF(COUNTIF($I$8:$I$32,I9)>1,"Duplicate outcome ID — two rows currently build the same outcome_id; add a distinguishing detail.",IF(AND(F9<>"",F9<>I9),"Existing outcome_id differs from the built ID — review before using.","Ready")))) | AI9: =IF(OR(LOWER(TRIM(A9))="",LOWER(TRIM(A9))="nan",LOWER(TRIM(A9))="none",LOWER(TRIM(A9))="n/a"),"",SUBSTITUTE(SUBSTITUTE(SUBSTITUTE(SUBSTITUTE(SUBSTITUTE(SUBSTITUTE(SUBSTITUTE(SUBSTITUTE(SUBSTITUTE(SUBSTITUTE(SUBSTITUTE(SUBSTITUTE(SUBSTITUTE(SUBSTITUTE(SUBSTITUTE(SUBSTITUTE(SUBSTITUTE(SUBSTITUTE(SUBSTITUTE(SUBSTITUTE(SUBSTITUTE(SUBSTITUTE(SUBSTITUTE(SUBSTITUTE(SUBSTITUTE(SUBSTITUTE(SUBSTITUTE(SUBSTITUTE(SUBSTITUTE(SUBSTITUTE(SUBSTITUTE(SUBSTITUTE(SUBSTITUTE(SUBSTITUTE(SUBSTITUTE(SUBSTITUTE(SUBSTITUTE(SUBSTITUTE(LOWER(TRIM(A9))," ","_"),"!","_"),"#","_"),"$","_"),"%","_"),"&","_"),"'","_"),"(","_"),")","_"),"*","_"),"+","_"),",","_"),"-","_"),".","_"),"/","_"),":","_"),";","_"),"<","_"),"=","_"),">","_"),"?","_"),"@","_"),"[","_"),"\","_"),"]","_"),"^","_"),"`","_"),"{","_"),"|","_"),"}","_"),"~","_"),"–","_"),"—","_"),"’","_"),"“","_"),"”","_"),CHAR(9),"_"),CHAR(160),"_")) | AJ9: =IF(AI9="","",SUBSTITUTE(SUBSTITUTE(SUBSTITUTE(SUBSTITUTE(SUBSTITUTE(SUBSTITUTE(SUBSTITUTE(SUBSTITUTE(AI9,"__","_"),"__","_"),"__","_"),"__","_"),"__","_"),"__","_"),"__","_"),"__","_")) | AK9: =IF(OR(AJ9="",AJ9="_"),"",IF(LEFT(AJ9,1)="_",IF(RIGHT(AJ9,1)="_",MID(AJ9,2,LEN(AJ9)-2),RIGHT(AJ9,LEN(AJ9)-1)),IF(RIGHT(AJ9,1)="_",LEFT(AJ9,LEN(AJ9)-1),AJ9))) | AL9: =IF(OR(LOWER(TRIM(B9))="",LOWER(TRIM(B9))="nan",LOWER(TRIM(B9))="none",LOWER(TRIM(B9))="n/a"),"",SUBSTITUTE(SUBSTITUTE(SUBSTITUTE(SUBSTITUTE(SUBSTITUTE(SUBSTITUTE(SUBSTITUTE(SUBSTITUTE(SUBSTITUTE(SUBSTITUTE(SUBSTITUTE(SUBSTITUTE(SUBSTITUTE(SUBSTITUTE(SUBSTITUTE(SUBSTITUTE(SUBSTITUTE(SUBSTITUTE(SUBSTITUTE(SUBSTITUTE(SUBSTITUTE(SUBSTITUTE(SUBSTITUTE(SUBSTITUTE(SUBSTITUTE(SUBSTITUTE(SUBSTITUTE(SUBSTITUTE(SUBSTITUTE(SUBSTITUTE(SUBSTITUTE(SUBSTITUTE(SUBSTITUTE(SUBSTITUTE(SUBSTITUTE(SUBSTITUTE(SUBSTITUTE(SUBSTITUTE(LOWER(TRIM(B9))," ","_"),"!","_"),"#","_"),"$","_"),"%","_"),"&","_"),"'","_"),"(","_"),")","_"),"*","_"),"+","_"),",","_"),"-","_"),".","_"),"/","_"),":","_"),";","_"),"<","_"),"=","_"),">","_"),"?","_"),"@","_"),"[","_"),"\","_"),"]","_"),"^","_"),"`","_"),"{","_"),"|","_"),"}","_"),"~","_"),"–","_"),"—","_"),"’","_"),"“","_"),"”","_"),CHAR(9),"_"),CHAR(160),"_")) | AM9: =IF(AL9="","",SUBSTITUTE(SUBSTITUTE(SUBSTITUTE(SUBSTITUTE(SUBSTITUTE(SUBSTITUTE(SUBSTITUTE(SUBSTITUTE(AL9,"__","_"),"__","_"),"__","_"),"__","_"),"__","_"),"__","_"),"__","_"),"__","_")) | AN9: =IF(OR(AM9="",AM9="_"),"",IF(LEFT(AM9,1)="_",IF(RIGHT(AM9,1)="_",MID(AM9,2,LEN(AM9)-2),RIGHT(AM9,LEN(AM9)-1)),IF(RIGHT(AM9,1)="_",LEFT(AM9,LEN(AM9)-1),AM9))) | AO9: =IF(OR(LOWER(TRIM(C9))="",LOWER(TRIM(C9))="nan",LOWER(TRIM(C9))="none",LOWER(TRIM(C9))="n/a"),"",SUBSTITUTE(SUBSTITUTE(SUBSTITUTE(SUBSTITUTE(SUBSTITUTE(SUBSTITUTE(SUBSTITUTE(SUBSTITUTE(SUBSTITUTE(SUBSTITUTE(SUBSTITUTE(SUBSTITUTE(SUBSTITUTE(SUBSTITUTE(SUBSTITUTE(SUBSTITUTE(SUBSTITUTE(SUBSTITUTE(SUBSTITUTE(SUBSTITUTE(SUBSTITUTE(SUBSTITUTE(SUBSTITUTE(SUBSTITUTE(SUBSTITUTE(SUBSTITUTE(SUBSTITUTE(SUBSTITUTE(SUBSTITUTE(SUBSTITUTE(SUBSTITUTE(SUBSTITUTE(SUBSTITUTE(SUBSTITUTE(SUBSTITUTE(SUBSTITUTE(SUBSTITUTE(SUBSTITUTE(LOWER(TRIM(C9))," ","_"),"!","_"),"#","_"),"$","_"),"%","_"),"&","_"),"'","_"),"(","_"),")","_"),"*","_"),"+","_"),",","_"),"-","_"),".","_"),"/","_"),":","_"),";","_"),"<","_"),"=","_"),">","_"),"?","_"),"@","_"),"[","_"),"\","_"),"]","_"),"^","_"),"`","_"),"{","_"),"|","_"),"}","_"),"~","_"),"–","_"),"—","_"),"’","_"),"“","_"),"”","_"),CHAR(9),"_"),CHAR(160),"_")) | AP9: =IF(AO9="","",SUBSTITUTE(SUBSTITUTE(SUBSTITUTE(SUBSTITUTE(SUBSTITUTE(SUBSTITUTE(SUBSTITUTE(SUBSTITUTE(AO9,"__","_"),"__","_"),"__","_"),"__","_"),"__","_"),"__","_"),"__","_"),"__","_")) | AQ9: =IF(OR(AP9="",AP9="_"),"",IF(LEFT(AP9,1)="_",IF(RIGHT(AP9,1)="_",MID(AP9,2,LEN(AP9)-2),RIGHT(AP9,LEN(AP9)-1)),IF(RIGHT(AP9,1)="_",LEFT(AP9,LEN(AP9)-1),AP9)))
A10: Family History | B10: fh_gsa | C10: Winback | D10: GSA | H10: =IF(AK10<>"",AK10,"")&IF(AN10<>"",IF(AK10<>"","_"&AN10,AN10),"")&IF(AQ10<>"",IF(AK10<>"","_"&AQ10,AQ10),"") | I10: =IF(TRIM(G10)<>"",TRIM(G10),H10) | J10: =IF(OR(A10="",B10="",C10="",D10=""),"Missing required field — fill in product, metric_key, segment, and metric before this row can be used.",IF(H10="","Missing required field — product, metric_key, and segment must combine into an ID.",IF(COUNTIF($I$8:$I$32,I10)>1,"Duplicate outcome ID — two rows currently build the same outcome_id; add a distinguishing detail.",IF(AND(F10<>"",F10<>I10),"Existing outcome_id differs from the built ID — review before using.","Ready")))) | AI10: =IF(OR(LOWER(TRIM(A10))="",LOWER(TRIM(A10))="nan",LOWER(TRIM(A10))="none",LOWER(TRIM(A10))="n/a"),"",SUBSTITUTE(SUBSTITUTE(SUBSTITUTE(SUBSTITUTE(SUBSTITUTE(SUBSTITUTE(SUBSTITUTE(SUBSTITUTE(SUBSTITUTE(SUBSTITUTE(SUBSTITUTE(SUBSTITUTE(SUBSTITUTE(SUBSTITUTE(SUBSTITUTE(SUBSTITUTE(SUBSTITUTE(SUBSTITUTE(SUBSTITUTE(SUBSTITUTE(SUBSTITUTE(SUBSTITUTE(SUBSTITUTE(SUBSTITUTE(SUBSTITUTE(SUBSTITUTE(SUBSTITUTE(SUBSTITUTE(SUBSTITUTE(SUBSTITUTE(SUBSTITUTE(SUBSTITUTE(SUBSTITUTE(SUBSTITUTE(SUBSTITUTE(SUBSTITUTE(SUBSTITUTE(SUBSTITUTE(LOWER(TRIM(A10))," ","_"),"!","_"),"#","_"),"$","_"),"%","_"),"&","_"),"'","_"),"(","_"),")","_"),"*","_"),"+","_"),",","_"),"-","_"),".","_"),"/","_"),":","_"),";","_"),"<","_"),"=","_"),">","_"),"?","_"),"@","_"),"[","_"),"\","_"),"]","_"),"^","_"),"`","_"),"{","_"),"|","_"),"}","_"),"~","_"),"–","_"),"—","_"),"’","_"),"“","_"),"”","_"),CHAR(9),"_"),CHAR(160),"_")) | AJ10: =IF(AI10="","",SUBSTITUTE(SUBSTITUTE(SUBSTITUTE(SUBSTITUTE(SUBSTITUTE(SUBSTITUTE(SUBSTITUTE(SUBSTITUTE(AI10,"__","_"),"__","_"),"__","_"),"__","_"),"__","_"),"__","_"),"__","_"),"__","_")) | AK10: =IF(OR(AJ10="",AJ10="_"),"",IF(LEFT(AJ10,1)="_",IF(RIGHT(AJ10,1)="_",MID(AJ10,2,LEN(AJ10)-2),RIGHT(AJ10,LEN(AJ10)-1)),IF(RIGHT(AJ10,1)="_",LEFT(AJ10,LEN(AJ10)-1),AJ10))) | AL10: =IF(OR(LOWER(TRIM(B10))="",LOWER(TRIM(B10))="nan",LOWER(TRIM(B10))="none",LOWER(TRIM(B10))="n/a"),"",SUBSTITUTE(SUBSTITUTE(SUBSTITUTE(SUBSTITUTE(SUBSTITUTE(SUBSTITUTE(SUBSTITUTE(SUBSTITUTE(SUBSTITUTE(SUBSTITUTE(SUBSTITUTE(SUBSTITUTE(SUBSTITUTE(SUBSTITUTE(SUBSTITUTE(SUBSTITUTE(SUBSTITUTE(SUBSTITUTE(SUBSTITUTE(SUBSTITUTE(SUBSTITUTE(SUBSTITUTE(SUBSTITUTE(SUBSTITUTE(SUBSTITUTE(SUBSTITUTE(SUBSTITUTE(SUBSTITUTE(SUBSTITUTE(SUBSTITUTE(SUBSTITUTE(SUBSTITUTE(SUBSTITUTE(SUBSTITUTE(SUBSTITUTE(SUBSTITUTE(SUBSTITUTE(SUBSTITUTE(LOWER(TRIM(B10))," ","_"),"!","_"),"#","_"),"$","_"),"%","_"),"&","_"),"'","_"),"(","_"),")","_"),"*","_"),"+","_"),",","_"),"-","_"),".","_"),"/","_"),":","_"),";","_"),"<","_"),"=","_"),">","_"),"?","_"),"@","_"),"[","_"),"\","_"),"]","_"),"^","_"),"`","_"),"{","_"),"|","_"),"}","_"),"~","_"),"–","_"),"—","_"),"’","_"),"“","_"),"”","_"),CHAR(9),"_"),CHAR(160),"_")) | AM10: =IF(AL10="","",SUBSTITUTE(SUBSTITUTE(SUBSTITUTE(SUBSTITUTE(SUBSTITUTE(SUBSTITUTE(SUBSTITUTE(SUBSTITUTE(AL10,"__","_"),"__","_"),"__","_"),"__","_"),"__","_"),"__","_"),"__","_"),"__","_")) | AN10: =IF(OR(AM10="",AM10="_"),"",IF(LEFT(AM10,1)="_",IF(RIGHT(AM10,1)="_",MID(AM10,2,LEN(AM10)-2),RIGHT(AM10,LEN(AM10)-1)),IF(RIGHT(AM10,1)="_",LEFT(AM10,LEN(AM10)-1),AM10))) | AO10: =IF(OR(LOWER(TRIM(C10))="",LOWER(TRIM(C10))="nan",LOWER(TRIM(C10))="none",LOWER(TRIM(C10))="n/a"),"",SUBSTITUTE(SUBSTITUTE(SUBSTITUTE(SUBSTITUTE(SUBSTITUTE(SUBSTITUTE(SUBSTITUTE(SUBSTITUTE(SUBSTITUTE(SUBSTITUTE(SUBSTITUTE(SUBSTITUTE(SUBSTITUTE(SUBSTITUTE(SUBSTITUTE(SUBSTITUTE(SUBSTITUTE(SUBSTITUTE(SUBSTITUTE(SUBSTITUTE(SUBSTITUTE(SUBSTITUTE(SUBSTITUTE(SUBSTITUTE(SUBSTITUTE(SUBSTITUTE(SUBSTITUTE(SUBSTITUTE(SUBSTITUTE(SUBSTITUTE(SUBSTITUTE(SUBSTITUTE(SUBSTITUTE(SUBSTITUTE(SUBSTITUTE(SUBSTITUTE(SUBSTITUTE(SUBSTITUTE(LOWER(TRIM(C10))," ","_"),"!","_"),"#","_"),"$","_"),"%","_"),"&","_"),"'","_"),"(","_"),")","_"),"*","_"),"+","_"),",","_"),"-","_"),".","_"),"/","_"),":","_"),";","_"),"<","_"),"=","_"),">","_"),"?","_"),"@","_"),"[","_"),"\","_"),"]","_"),"^","_"),"`","_"),"{","_"),"|","_"),"}","_"),"~","_"),"–","_"),"—","_"),"’","_"),"“","_"),"”","_"),CHAR(9),"_"),CHAR(160),"_")) | AP10: =IF(AO10="","",SUBSTITUTE(SUBSTITUTE(SUBSTITUTE(SUBSTITUTE(SUBSTITUTE(SUBSTITUTE(SUBSTITUTE(SUBSTITUTE(AO10,"__","_"),"__","_"),"__","_"),"__","_"),"__","_"),"__","_"),"__","_"),"__","_")) | AQ10: =IF(OR(AP10="",AP10="_"),"",IF(LEFT(AP10,1)="_",IF(RIGHT(AP10,1)="_",MID(AP10,2,LEN(AP10)-2),RIGHT(AP10,LEN(AP10)-1)),IF(RIGHT(AP10,1)="_",LEFT(AP10,LEN(AP10)-1),AP10)))
A11: Family History | B11: fh_net_billthrough_count | C11: New | D11: Net bill-through count | H11: =IF(AK11<>"",AK11,"")&IF(AN11<>"",IF(AK11<>"","_"&AN11,AN11),"")&IF(AQ11<>"",IF(AK11<>"","_"&AQ11,AQ11),"") | I11: =IF(TRIM(G11)<>"",TRIM(G11),H11) | J11: =IF(OR(A11="",B11="",C11="",D11=""),"Missing required field — fill in product, metric_key, segment, and metric before this row can be used.",IF(H11="","Missing required field — product, metric_key, and segment must combine into an ID.",IF(COUNTIF($I$8:$I$32,I11)>1,"Duplicate outcome ID — two rows currently build the same outcome_id; add a distinguishing detail.",IF(AND(F11<>"",F11<>I11),"Existing outcome_id differs from the built ID — review before using.","Ready")))) | AI11: =IF(OR(LOWER(TRIM(A11))="",LOWER(TRIM(A11))="nan",LOWER(TRIM(A11))="none",LOWER(TRIM(A11))="n/a"),"",SUBSTITUTE(SUBSTITUTE(SUBSTITUTE(SUBSTITUTE(SUBSTITUTE(SUBSTITUTE(SUBSTITUTE(SUBSTITUTE(SUBSTITUTE(SUBSTITUTE(SUBSTITUTE(SUBSTITUTE(SUBSTITUTE(SUBSTITUTE(SUBSTITUTE(SUBSTITUTE(SUBSTITUTE(SUBSTITUTE(SUBSTITUTE(SUBSTITUTE(SUBSTITUTE(SUBSTITUTE(SUBSTITUTE(SUBSTITUTE(SUBSTITUTE(SUBSTITUTE(SUBSTITUTE(SUBSTITUTE(SUBSTITUTE(SUBSTITUTE(SUBSTITUTE(SUBSTITUTE(SUBSTITUTE(SUBSTITUTE(SUBSTITUTE(SUBSTITUTE(SUBSTITUTE(SUBSTITUTE(LOWER(TRIM(A11))," ","_"),"!","_"),"#","_"),"$","_"),"%","_"),"&","_"),"'","_"),"(","_"),")","_"),"*","_"),"+","_"),",","_"),"-","_"),".","_"),"/","_"),":","_"),";","_"),"<","_"),"=","_"),">","_"),"?","_"),"@","_"),"[","_"),"\","_"),"]","_"),"^","_"),"`","_"),"{","_"),"|","_"),"}","_"),"~","_"),"–","_"),"—","_"),"’","_"),"“","_"),"”","_"),CHAR(9),"_"),CHAR(160),"_")) | AJ11: =IF(AI11="","",SUBSTITUTE(SUBSTITUTE(SUBSTITUTE(SUBSTITUTE(SUBSTITUTE(SUBSTITUTE(SUBSTITUTE(SUBSTITUTE(AI11,"__","_"),"__","_"),"__","_"),"__","_"),"__","_"),"__","_"),"__","_"),"__","_")) | AK11: =IF(OR(AJ11="",AJ11="_"),"",IF(LEFT(AJ11,1)="_",IF(RIGHT(AJ11,1)="_",MID(AJ11,2,LEN(AJ11)-2),RIGHT(AJ11,LEN(AJ11)-1)),IF(RIGHT(AJ11,1)="_",LEFT(AJ11,LEN(AJ11)-1),AJ11))) | AL11: =IF(OR(LOWER(TRIM(B11))="",LOWER(TRIM(B11))="nan",LOWER(TRIM(B11))="none",LOWER(TRIM(B11))="n/a"),"",SUBSTITUTE(SUBSTITUTE(SUBSTITUTE(SUBSTITUTE(SUBSTITUTE(SUBSTITUTE(SUBSTITUTE(SUBSTITUTE(SUBSTITUTE(SUBSTITUTE(SUBSTITUTE(SUBSTITUTE(SUBSTITUTE(SUBSTITUTE(SUBSTITUTE(SUBSTITUTE(SUBSTITUTE(SUBSTITUTE(SUBSTITUTE(SUBSTITUTE(SUBSTITUTE(SUBSTITUTE(SUBSTITUTE(SUBSTITUTE(SUBSTITUTE(SUBSTITUTE(SUBSTITUTE(SUBSTITUTE(SUBSTITUTE(SUBSTITUTE(SUBSTITUTE(SUBSTITUTE(SUBSTITUTE(SUBSTITUTE(SUBSTITUTE(SUBSTITUTE(SUBSTITUTE(SUBSTITUTE(LOWER(TRIM(B11))," ","_"),"!","_"),"#","_"),"$","_"),"%","_"),"&","_"),"'","_"),"(","_"),")","_"),"*","_"),"+","_"),",","_"),"-","_"),".","_"),"/","_"),":","_"),";","_"),"<","_"),"=","_"),">","_"),"?","_"),"@","_"),"[","_"),"\","_"),"]","_"),"^","_"),"`","_"),"{","_"),"|","_"),"}","_"),"~","_"),"–","_"),"—","_"),"’","_"),"“","_"),"”","_"),CHAR(9),"_"),CHAR(160),"_")) | AM11: =IF(AL11="","",SUBSTITUTE(SUBSTITUTE(SUBSTITUTE(SUBSTITUTE(SUBSTITUTE(SUBSTITUTE(SUBSTITUTE(SUBSTITUTE(AL11,"__","_"),"__","_"),"__","_"),"__","_"),"__","_"),"__","_"),"__","_"),"__","_")) | AN11: =IF(OR(AM11="",AM11="_"),"",IF(LEFT(AM11,1)="_",IF(RIGHT(AM11,1)="_",MID(AM11,2,LEN(AM11)-2),RIGHT(AM11,LEN(AM11)-1)),IF(RIGHT(AM11,1)="_",LEFT(AM11,LEN(AM11)-1),AM11))) | AO11: =IF(OR(LOWER(TRIM(C11))="",LOWER(TRIM(C11))="nan",LOWER(TRIM(C11))="none",LOWER(TRIM(C11))="n/a"),"",SUBSTITUTE(SUBSTITUTE(SUBSTITUTE(SUBSTITUTE(SUBSTITUTE(SUBSTITUTE(SUBSTITUTE(SUBSTITUTE(SUBSTITUTE(SUBSTITUTE(SUBSTITUTE(SUBSTITUTE(SUBSTITUTE(SUBSTITUTE(SUBSTITUTE(SUBSTITUTE(SUBSTITUTE(SUBSTITUTE(SUBSTITUTE(SUBSTITUTE(SUBSTITUTE(SUBSTITUTE(SUBSTITUTE(SUBSTITUTE(SUBSTITUTE(SUBSTITUTE(SUBSTITUTE(SUBSTITUTE(SUBSTITUTE(SUBSTITUTE(SUBSTITUTE(SUBSTITUTE(SUBSTITUTE(SUBSTITUTE(SUBSTITUTE(SUBSTITUTE(SUBSTITUTE(SUBSTITUTE(LOWER(TRIM(C11))," ","_"),"!","_"),"#","_"),"$","_"),"%","_"),"&","_"),"'","_"),"(","_"),")","_"),"*","_"),"+","_"),",","_"),"-","_"),".","_"),"/","_"),":","_"),";","_"),"<","_"),"=","_"),">","_"),"?","_"),"@","_"),"[","_"),"\","_"),"]","_"),"^","_"),"`","_"),"{","_"),"|","_"),"}","_"),"~","_"),"–","_"),"—","_"),"’","_"),"“","_"),"”","_"),CHAR(9),"_"),CHAR(160),"_")) | AP11: =IF(AO11="","",SUBSTITUTE(SUBSTITUTE(SUBSTITUTE(SUBSTITUTE(SUBSTITUTE(SUBSTITUTE(SUBSTITUTE(SUBSTITUTE(AO11,"__","_"),"__","_"),"__","_"),"__","_"),"__","_"),"__","_"),"__","_"),"__","_")) | AQ11: =IF(OR(AP11="",AP11="_"),"",IF(LEFT(AP11,1)="_",IF(RIGHT(AP11,1)="_",MID(AP11,2,LEN(AP11)-2),RIGHT(AP11,LEN(AP11)-1)),IF(RIGHT(AP11,1)="_",LEFT(AP11,LEN(AP11)-1),AP11)))
A12: DNA | B12: dna_kit_sale | C12: New Customer | D12: Kit sale | H12: =IF(AK12<>"",AK12,"")&IF(AN12<>"",IF(AK12<>"","_"&AN12,AN12),"")&IF(AQ12<>"",IF(AK12<>"","_"&AQ12,AQ12),"") | I12: =IF(TRIM(G12)<>"",TRIM(G12),H12) | J12: =IF(OR(A12="",B12="",C12="",D12=""),"Missing required field — fill in product, metric_key, segment, and metric before this row can be used.",IF(H12="","Missing required field — product, metric_key, and segment must combine into an ID.",IF(COUNTIF($I$8:$I$32,I12)>1,"Duplicate outcome ID — two rows currently build the same outcome_id; add a distinguishing detail.",IF(AND(F12<>"",F12<>I12),"Existing outcome_id differs from the built ID — review before using.","Ready")))) | AI12: =IF(OR(LOWER(TRIM(A12))="",LOWER(TRIM(A12))="nan",LOWER(TRIM(A12))="none",LOWER(TRIM(A12))="n/a"),"",SUBSTITUTE(SUBSTITUTE(SUBSTITUTE(SUBSTITUTE(SUBSTITUTE(SUBSTITUTE(SUBSTITUTE(SUBSTITUTE(SUBSTITUTE(SUBSTITUTE(SUBSTITUTE(SUBSTITUTE(SUBSTITUTE(SUBSTITUTE(SUBSTITUTE(SUBSTITUTE(SUBSTITUTE(SUBSTITUTE(SUBSTITUTE(SUBSTITUTE(SUBSTITUTE(SUBSTITUTE(SUBSTITUTE(SUBSTITUTE(SUBSTITUTE(SUBSTITUTE(SUBSTITUTE(SUBSTITUTE(SUBSTITUTE(SUBSTITUTE(SUBSTITUTE(SUBSTITUTE(SUBSTITUTE(SUBSTITUTE(SUBSTITUTE(SUBSTITUTE(SUBSTITUTE(SUBSTITUTE(LOWER(TRIM(A12))," ","_"),"!","_"),"#","_"),"$","_"),"%","_"),"&","_"),"'","_"),"(","_"),")","_"),"*","_"),"+","_"),",","_"),"-","_"),".","_"),"/","_"),":","_"),";","_"),"<","_"),"=","_"),">","_"),"?","_"),"@","_"),"[","_"),"\","_"),"]","_"),"^","_"),"`","_"),"{","_"),"|","_"),"}","_"),"~","_"),"–","_"),"—","_"),"’","_"),"“","_"),"”","_"),CHAR(9),"_"),CHAR(160),"_")) | AJ12: =IF(AI12="","",SUBSTITUTE(SUBSTITUTE(SUBSTITUTE(SUBSTITUTE(SUBSTITUTE(SUBSTITUTE(SUBSTITUTE(SUBSTITUTE(AI12,"__","_"),"__","_"),"__","_"),"__","_"),"__","_"),"__","_"),"__","_"),"__","_")) | AK12: =IF(OR(AJ12="",AJ12="_"),"",IF(LEFT(AJ12,1)="_",IF(RIGHT(AJ12,1)="_",MID(AJ12,2,LEN(AJ12)-2),RIGHT(AJ12,LEN(AJ12)-1)),IF(RIGHT(AJ12,1)="_",LEFT(AJ12,LEN(AJ12)-1),AJ12))) | AL12: =IF(OR(LOWER(TRIM(B12))="",LOWER(TRIM(B12))="nan",LOWER(TRIM(B12))="none",LOWER(TRIM(B12))="n/a"),"",SUBSTITUTE(SUBSTITUTE(SUBSTITUTE(SUBSTITUTE(SUBSTITUTE(SUBSTITUTE(SUBSTITUTE(SUBSTITUTE(SUBSTITUTE(SUBSTITUTE(SUBSTITUTE(SUBSTITUTE(SUBSTITUTE(SUBSTITUTE(SUBSTITUTE(SUBSTITUTE(SUBSTITUTE(SUBSTITUTE(SUBSTITUTE(SUBSTITUTE(SUBSTITUTE(SUBSTITUTE(SUBSTITUTE(SUBSTITUTE(SUBSTITUTE(SUBSTITUTE(SUBSTITUTE(SUBSTITUTE(SUBSTITUTE(SUBSTITUTE(SUBSTITUTE(SUBSTITUTE(SUBSTITUTE(SUBSTITUTE(SUBSTITUTE(SUBSTITUTE(SUBSTITUTE(SUBSTITUTE(LOWER(TRIM(B12))," ","_"),"!","_"),"#","_"),"$","_"),"%","_"),"&","_"),"'","_"),"(","_"),")","_"),"*","_"),"+","_"),",","_"),"-","_"),".","_"),"/","_"),":","_"),";","_"),"<","_"),"=","_"),">","_"),"?","_"),"@","_"),"[","_"),"\","_"),"]","_"),"^","_"),"`","_"),"{","_"),"|","_"),"}","_"),"~","_"),"–","_"),"—","_"),"’","_"),"“","_"),"”","_"),CHAR(9),"_"),CHAR(160),"_")) | AM12: =IF(AL12="","",SUBSTITUTE(SUBSTITUTE(SUBSTITUTE(SUBSTITUTE(SUBSTITUTE(SUBSTITUTE(SUBSTITUTE(SUBSTITUTE(AL12,"__","_"),"__","_"),"__","_"),"__","_"),"__","_"),"__","_"),"__","_"),"__","_")) | AN12: =IF(OR(AM12="",AM12="_"),"",IF(LEFT(AM12,1)="_",IF(RIGHT(AM12,1)="_",MID(AM12,2,LEN(AM12)-2),RIGHT(AM12,LEN(AM12)-1)),IF(RIGHT(AM12,1)="_",LEFT(AM12,LEN(AM12)-1),AM12))) | AO12: =IF(OR(LOWER(TRIM(C12))="",LOWER(TRIM(C12))="nan",LOWER(TRIM(C12))="none",LOWER(TRIM(C12))="n/a"),"",SUBSTITUTE(SUBSTITUTE(SUBSTITUTE(SUBSTITUTE(SUBSTITUTE(SUBSTITUTE(SUBSTITUTE(SUBSTITUTE(SUBSTITUTE(SUBSTITUTE(SUBSTITUTE(SUBSTITUTE(SUBSTITUTE(SUBSTITUTE(SUBSTITUTE(SUBSTITUTE(SUBSTITUTE(SUBSTITUTE(SUBSTITUTE(SUBSTITUTE(SUBSTITUTE(SUBSTITUTE(SUBSTITUTE(SUBSTITUTE(SUBSTITUTE(SUBSTITUTE(SUBSTITUTE(SUBSTITUTE(SUBSTITUTE(SUBSTITUTE(SUBSTITUTE(SUBSTITUTE(SUBSTITUTE(SUBSTITUTE(SUBSTITUTE(SUBSTITUTE(SUBSTITUTE(SUBSTITUTE(LOWER(TRIM(C12))," ","_"),"!","_"),"#","_"),"$","_"),"%","_"),"&","_"),"'","_"),"(","_"),")","_"),"*","_"),"+","_"),",","_"),"-","_"),".","_"),"/","_"),":","_"),";","_"),"<","_"),"=","_"),">","_"),"?","_"),"@","_"),"[","_"),"\","_"),"]","_"),"^","_"),"`","_"),"{","_"),"|","_"),"}","_"),"~","_"),"–","_"),"—","_"),"’","_"),"“","_"),"”","_"),CHAR(9),"_"),CHAR(160),"_")) | AP12: =IF(AO12="","",SUBSTITUTE(SUBSTITUTE(SUBSTITUTE(SUBSTITUTE(SUBSTITUTE(SUBSTITUTE(SUBSTITUTE(SUBSTITUTE(AO12,"__","_"),"__","_"),"__","_"),"__","_"),"__","_"),"__","_"),"__","_"),"__","_")) | AQ12: =IF(OR(AP12="",AP12="_"),"",IF(LEFT(AP12,1)="_",IF(RIGHT(AP12,1)="_",MID(AP12,2,LEN(AP12)-2),RIGHT(AP12,LEN(AP12)-1)),IF(RIGHT(AP12,1)="_",LEFT(AP12,LEN(AP12)-1),AP12)))
H13: =IF(AK13<>"",AK13,"")&IF(AN13<>"",IF(AK13<>"","_"&AN13,AN13),"")&IF(AQ13<>"",IF(AK13<>"","_"&AQ13,AQ13),"") | I13: =IF(TRIM(G13)<>"",TRIM(G13),H13) | J13: =IF(OR(A13="",B13="",C13="",D13=""),"Missing required field — fill in product, metric_key, segment, and metric before this row can be used.",IF(H13="","Missing required field — product, metric_key, and segment must combine into an ID.",IF(COUNTIF($I$8:$I$32,I13)>1,"Duplicate outcome ID — two rows currently build the same outcome_id; add a distinguishing detail.",IF(AND(F13<>"",F13<>I13),"Existing outcome_id differs from the built ID — review before using.","Ready")))) | AI13: =IF(OR(LOWER(TRIM(A13))="",LOWER(TRIM(A13))="nan",LOWER(TRIM(A13))="none",LOWER(TRIM(A13))="n/a"),"",SUBSTITUTE(SUBSTITUTE(SUBSTITUTE(SUBSTITUTE(SUBSTITUTE(SUBSTITUTE(SUBSTITUTE(SUBSTITUTE(SUBSTITUTE(SUBSTITUTE(SUBSTITUTE(SUBSTITUTE(SUBSTITUTE(SUBSTITUTE(SUBSTITUTE(SUBSTITUTE(SUBSTITUTE(SUBSTITUTE(SUBSTITUTE(SUBSTITUTE(SUBSTITUTE(SUBSTITUTE(SUBSTITUTE(SUBSTITUTE(SUBSTITUTE(SUBSTITUTE(SUBSTITUTE(SUBSTITUTE(SUBSTITUTE(SUBSTITUTE(SUBSTITUTE(SUBSTITUTE(SUBSTITUTE(SUBSTITUTE(SUBSTITUTE(SUBSTITUTE(SUBSTITUTE(SUBSTITUTE(LOWER(TRIM(A13))," ","_"),"!","_"),"#","_"),"$","_"),"%","_"),"&","_"),"'","_"),"(","_"),")","_"),"*","_"),"+","_"),",","_"),"-","_"),".","_"),"/","_"),":","_"),";","_"),"<","_"),"=","_"),">","_"),"?","_"),"@","_"),"[","_"),"\","_"),"]","_"),"^","_"),"`","_"),"{","_"),"|","_"),"}","_"),"~","_"),"–","_"),"—","_"),"’","_"),"“","_"),"”","_"),CHAR(9),"_"),CHAR(160),"_")) | AJ13: =IF(AI13="","",SUBSTITUTE(SUBSTITUTE(SUBSTITUTE(SUBSTITUTE(SUBSTITUTE(SUBSTITUTE(SUBSTITUTE(SUBSTITUTE(AI13,"__","_"),"__","_"),"__","_"),"__","_"),"__","_"),"__","_"),"__","_"),"__","_")) | AK13: =IF(OR(AJ13="",AJ13="_"),"",IF(LEFT(AJ13,1)="_",IF(RIGHT(AJ13,1)="_",MID(AJ13,2,LEN(AJ13)-2),RIGHT(AJ13,LEN(AJ13)-1)),IF(RIGHT(AJ13,1)="_",LEFT(AJ13,LEN(AJ13)-1),AJ13))) | AL13: =IF(OR(LOWER(TRIM(B13))="",LOWER(TRIM(B13))="nan",LOWER(TRIM(B13))="none",LOWER(TRIM(B13))="n/a"),"",SUBSTITUTE(SUBSTITUTE(SUBSTITUTE(SUBSTITUTE(SUBSTITUTE(SUBSTITUTE(SUBSTITUTE(SUBSTITUTE(SUBSTITUTE(SUBSTITUTE(SUBSTITUTE(SUBSTITUTE(SUBSTITUTE(SUBSTITUTE(SUBSTITUTE(SUBSTITUTE(SUBSTITUTE(SUBSTITUTE(SUBSTITUTE(SUBSTITUTE(SUBSTITUTE(SUBSTITUTE(SUBSTITUTE(SUBSTITUTE(SUBSTITUTE(SUBSTITUTE(SUBSTITUTE(SUBSTITUTE(SUBSTITUTE(SUBSTITUTE(SUBSTITUTE(SUBSTITUTE(SUBSTITUTE(SUBSTITUTE(SUBSTITUTE(SUBSTITUTE(SUBSTITUTE(SUBSTITUTE(LOWER(TRIM(B13))," ","_"),"!","_"),"#","_"),"$","_"),"%","_"),"&","_"),"'","_"),"(","_"),")","_"),"*","_"),"+","_"),",","_"),"-","_"),".","_"),"/","_"),":","_"),";","_"),"<","_"),"=","_"),">","_"),"?","_"),"@","_"),"[","_"),"\","_"),"]","_"),"^","_"),"`","_"),"{","_"),"|","_"),"}","_"),"~","_"),"–","_"),"—","_"),"’","_"),"“","_"),"”","_"),CHAR(9),"_"),CHAR(160),"_")) | AM13: =IF(AL13="","",SUBSTITUTE(SUBSTITUTE(SUBSTITUTE(SUBSTITUTE(SUBSTITUTE(SUBSTITUTE(SUBSTITUTE(SUBSTITUTE(AL13,"__","_"),"__","_"),"__","_"),"__","_"),"__","_"),"__","_"),"__","_"),"__","_")) | AN13: =IF(OR(AM13="",AM13="_"),"",IF(LEFT(AM13,1)="_",IF(RIGHT(AM13,1)="_",MID(AM13,2,LEN(AM13)-2),RIGHT(AM13,LEN(AM13)-1)),IF(RIGHT(AM13,1)="_",LEFT(AM13,LEN(AM13)-1),AM13))) | AO13: =IF(OR(LOWER(TRIM(C13))="",LOWER(TRIM(C13))="nan",LOWER(TRIM(C13))="none",LOWER(TRIM(C13))="n/a"),"",SUBSTITUTE(SUBSTITUTE(SUBSTITUTE(SUBSTITUTE(SUBSTITUTE(SUBSTITUTE(SUBSTITUTE(SUBSTITUTE(SUBSTITUTE(SUBSTITUTE(SUBSTITUTE(SUBSTITUTE(SUBSTITUTE(SUBSTITUTE(SUBSTITUTE(SUBSTITUTE(SUBSTITUTE(SUBSTITUTE(SUBSTITUTE(SUBSTITUTE(SUBSTITUTE(SUBSTITUTE(SUBSTITUTE(SUBSTITUTE(SUBSTITUTE(SUBSTITUTE(SUBSTITUTE(SUBSTITUTE(SUBSTITUTE(SUBSTITUTE(SUBSTITUTE(SUBSTITUTE(SUBSTITUTE(SUBSTITUTE(SUBSTITUTE(SUBSTITUTE(SUBSTITUTE(SUBSTITUTE(LOWER(TRIM(C13))," ","_"),"!","_"),"#","_"),"$","_"),"%","_"),"&","_"),"'","_"),"(","_"),")","_"),"*","_"),"+","_"),",","_"),"-","_"),".","_"),"/","_"),":","_"),";","_"),"<","_"),"=","_"),">","_"),"?","_"),"@","_"),"[","_"),"\","_"),"]","_"),"^","_"),"`","_"),"{","_"),"|","_"),"}","_"),"~","_"),"–","_"),"—","_"),"’","_"),"“","_"),"”","_"),CHAR(9),"_"),CHAR(160),"_")) | AP13: =IF(AO13="","",SUBSTITUTE(SUBSTITUTE(SUBSTITUTE(SUBSTITUTE(SUBSTITUTE(SUBSTITUTE(SUBSTITUTE(SUBSTITUTE(AO13,"__","_"),"__","_"),"__","_"),"__","_"),"__","_"),"__","_"),"__","_"),"__","_")) | AQ13: =IF(OR(AP13="",AP13="_"),"",IF(LEFT(AP13,1)="_",IF(RIGHT(AP13,1)="_",MID(AP13,2,LEN(AP13)-2),RIGHT(AP13,LEN(AP13)-1)),IF(RIGHT(AP13,1)="_",LEFT(AP13,LEN(AP13)-1),AP13)))
H14: =IF(AK14<>"",AK14,"")&IF(AN14<>"",IF(AK14<>"","_"&AN14,AN14),"")&IF(AQ14<>"",IF(AK14<>"","_"&AQ14,AQ14),"") | I14: =IF(TRIM(G14)<>"",TRIM(G14),H14) | J14: =IF(OR(A14="",B14="",C14="",D14=""),"Missing required field — fill in product, metric_key, segment, and metric before this row can be used.",IF(H14="","Missing required field — product, metric_key, and segment must combine into an ID.",IF(COUNTIF($I$8:$I$32,I14)>1,"Duplicate outcome ID — two rows currently build the same outcome_id; add a distinguishing detail.",IF(AND(F14<>"",F14<>I14),"Existing outcome_id differs from the built ID — review before using.","Ready")))) | AI14: =IF(OR(LOWER(TRIM(A14))="",LOWER(TRIM(A14))="nan",LOWER(TRIM(A14))="none",LOWER(TRIM(A14))="n/a"),"",SUBSTITUTE(SUBSTITUTE(SUBSTITUTE(SUBSTITUTE(SUBSTITUTE(SUBSTITUTE(SUBSTITUTE(SUBSTITUTE(SUBSTITUTE(SUBSTITUTE(SUBSTITUTE(SUBSTITUTE(SUBSTITUTE(SUBSTITUTE(SUBSTITUTE(SUBSTITUTE(SUBSTITUTE(SUBSTITUTE(SUBSTITUTE(SUBSTITUTE(SUBSTITUTE(SUBSTITUTE(SUBSTITUTE(SUBSTITUTE(SUBSTITUTE(SUBSTITUTE(SUBSTITUTE(SUBSTITUTE(SUBSTITUTE(SUBSTITUTE(SUBSTITUTE(SUBSTITUTE(SUBSTITUTE(SUBSTITUTE(SUBSTITUTE(SUBSTITUTE(SUBSTITUTE(SUBSTITUTE(LOWER(TRIM(A14))," ","_"),"!","_"),"#","_"),"$","_"),"%","_"),"&","_"),"'","_"),"(","_"),")","_"),"*","_"),"+","_"),",","_"),"-","_"),".","_"),"/","_"),":","_"),";","_"),"<","_"),"=","_"),">","_"),"?","_"),"@","_"),"[","_"),"\","_"),"]","_"),"^","_"),"`","_"),"{","_"),"|","_"),"}","_"),"~","_"),"–","_"),"—","_"),"’","_"),"“","_"),"”","_"),CHAR(9),"_"),CHAR(160),"_")) | AJ14: =IF(AI14="","",SUBSTITUTE(SUBSTITUTE(SUBSTITUTE(SUBSTITUTE(SUBSTITUTE(SUBSTITUTE(SUBSTITUTE(SUBSTITUTE(AI14,"__","_"),"__","_"),"__","_"),"__","_"),"__","_"),"__","_"),"__","_"),"__","_")) | AK14: =IF(OR(AJ14="",AJ14="_"),"",IF(LEFT(AJ14,1)="_",IF(RIGHT(AJ14,1)="_",MID(AJ14,2,LEN(AJ14)-2),RIGHT(AJ14,LEN(AJ14)-1)),IF(RIGHT(AJ14,1)="_",LEFT(AJ14,LEN(AJ14)-1),AJ14))) | AL14: =IF(OR(LOWER(TRIM(B14))="",LOWER(TRIM(B14))="nan",LOWER(TRIM(B14))="none",LOWER(TRIM(B14))="n/a"),"",SUBSTITUTE(SUBSTITUTE(SUBSTITUTE(SUBSTITUTE(SUBSTITUTE(SUBSTITUTE(SUBSTITUTE(SUBSTITUTE(SUBSTITUTE(SUBSTITUTE(SUBSTITUTE(SUBSTITUTE(SUBSTITUTE(SUBSTITUTE(SUBSTITUTE(SUBSTITUTE(SUBSTITUTE(SUBSTITUTE(SUBSTITUTE(SUBSTITUTE(SUBSTITUTE(SUBSTITUTE(SUBSTITUTE(SUBSTITUTE(SUBSTITUTE(SUBSTITUTE(SUBSTITUTE(SUBSTITUTE(SUBSTITUTE(SUBSTITUTE(SUBSTITUTE(SUBSTITUTE(SUBSTITUTE(SUBSTITUTE(SUBSTITUTE(SUBSTITUTE(SUBSTITUTE(SUBSTITUTE(LOWER(TRIM(B14))," ","_"),"!","_"),"#","_"),"$","_"),"%","_"),"&","_"),"'","_"),"(","_"),")","_"),"*","_"),"+","_"),",","_"),"-","_"),".","_"),"/","_"),":","_"),";","_"),"<","_"),"=","_"),">","_"),"?","_"),"@","_"),"[","_"),"\","_"),"]","_"),"^","_"),"`","_"),"{","_"),"|","_"),"}","_"),"~","_"),"–","_"),"—","_"),"’","_"),"“","_"),"”","_"),CHAR(9),"_"),CHAR(160),"_")) | AM14: =IF(AL14="","",SUBSTITUTE(SUBSTITUTE(SUBSTITUTE(SUBSTITUTE(SUBSTITUTE(SUBSTITUTE(SUBSTITUTE(SUBSTITUTE(AL14,"__","_"),"__","_"),"__","_"),"__","_"),"__","_"),"__","_"),"__","_"),"__","_")) | AN14: =IF(OR(AM14="",AM14="_"),"",IF(LEFT(AM14,1)="_",IF(RIGHT(AM14,1)="_",MID(AM14,2,LEN(AM14)-2),RIGHT(AM14,LEN(AM14)-1)),IF(RIGHT(AM14,1)="_",LEFT(AM14,LEN(AM14)-1),AM14))) | AO14: =IF(OR(LOWER(TRIM(C14))="",LOWER(TRIM(C14))="nan",LOWER(TRIM(C14))="none",LOWER(TRIM(C14))="n/a"),"",SUBSTITUTE(SUBSTITUTE(SUBSTITUTE(SUBSTITUTE(SUBSTITUTE(SUBSTITUTE(SUBSTITUTE(SUBSTITUTE(SUBSTITUTE(SUBSTITUTE(SUBSTITUTE(SUBSTITUTE(SUBSTITUTE(SUBSTITUTE(SUBSTITUTE(SUBSTITUTE(SUBSTITUTE(SUBSTITUTE(SUBSTITUTE(SUBSTITUTE(SUBSTITUTE(SUBSTITUTE(SUBSTITUTE(SUBSTITUTE(SUBSTITUTE(SUBSTITUTE(SUBSTITUTE(SUBSTITUTE(SUBSTITUTE(SUBSTITUTE(SUBSTITUTE(SUBSTITUTE(SUBSTITUTE(SUBSTITUTE(SUBSTITUTE(SUBSTITUTE(SUBSTITUTE(SUBSTITUTE(LOWER(TRIM(C14))," ","_"),"!","_"),"#","_"),"$","_"),"%","_"),"&","_"),"'","_"),"(","_"),")","_"),"*","_"),"+","_"),",","_"),"-","_"),".","_"),"/","_"),":","_"),";","_"),"<","_"),"=","_"),">","_"),"?","_"),"@","_"),"[","_"),"\","_"),"]","_"),"^","_"),"`","_"),"{","_"),"|","_"),"}","_"),"~","_"),"–","_"),"—","_"),"’","_"),"“","_"),"”","_"),CHAR(9),"_"),CHAR(160),"_")) | AP14: =IF(AO14="","",SUBSTITUTE(SUBSTITUTE(SUBSTITUTE(SUBSTITUTE(SUBSTITUTE(SUBSTITUTE(SUBSTITUTE(SUBSTITUTE(AO14,"__","_"),"__","_"),"__","_"),"__","_"),"__","_"),"__","_"),"__","_"),"__","_")) | AQ14: =IF(OR(AP14="",AP14="_"),"",IF(LEFT(AP14,1)="_",IF(RIGHT(AP14,1)="_",MID(AP14,2,LEN(AP14)-2),RIGHT(AP14,LEN(AP14)-1)),IF(RIGHT(AP14,1)="_",LEFT(AP14,LEN(AP14)-1),AP14)))
H15: =IF(AK15<>"",AK15,"")&IF(AN15<>"",IF(AK15<>"","_"&AN15,AN15),"")&IF(AQ15<>"",IF(AK15<>"","_"&AQ15,AQ15),"") | I15: =IF(TRIM(G15)<>"",TRIM(G15),H15) | J15: =IF(OR(A15="",B15="",C15="",D15=""),"Missing required field — fill in product, metric_key, segment, and metric before this row can be used.",IF(H15="","Missing required field — product, metric_key, and segment must combine into an ID.",IF(COUNTIF($I$8:$I$32,I15)>1,"Duplicate outcome ID — two rows currently build the same outcome_id; add a distinguishing detail.",IF(AND(F15<>"",F15<>I15),"Existing outcome_id differs from the built ID — review before using.","Ready")))) | AI15: =IF(OR(LOWER(TRIM(A15))="",LOWER(TRIM(A15))="nan",LOWER(TRIM(A15))="none",LOWER(TRIM(A15))="n/a"),"",SUBSTITUTE(SUBSTITUTE(SUBSTITUTE(SUBSTITUTE(SUBSTITUTE(SUBSTITUTE(SUBSTITUTE(SUBSTITUTE(SUBSTITUTE(SUBSTITUTE(SUBSTITUTE(SUBSTITUTE(SUBSTITUTE(SUBSTITUTE(SUBSTITUTE(SUBSTITUTE(SUBSTITUTE(SUBSTITUTE(SUBSTITUTE(SUBSTITUTE(SUBSTITUTE(SUBSTITUTE(SUBSTITUTE(SUBSTITUTE(SUBSTITUTE(SUBSTITUTE(SUBSTITUTE(SUBSTITUTE(SUBSTITUTE(SUBSTITUTE(SUBSTITUTE(SUBSTITUTE(SUBSTITUTE(SUBSTITUTE(SUBSTITUTE(SUBSTITUTE(SUBSTITUTE(SUBSTITUTE(LOWER(TRIM(A15))," ","_"),"!","_"),"#","_"),"$","_"),"%","_"),"&","_"),"'","_"),"(","_"),")","_"),"*","_"),"+","_"),",","_"),"-","_"),".","_"),"/","_"),":","_"),";","_"),"<","_"),"=","_"),">","_"),"?","_"),"@","_"),"[","_"),"\","_"),"]","_"),"^","_"),"`","_"),"{","_"),"|","_"),"}","_"),"~","_"),"–","_"),"—","_"),"’","_"),"“","_"),"”","_"),CHAR(9),"_"),CHAR(160),"_")) | AJ15: =IF(AI15="","",SUBSTITUTE(SUBSTITUTE(SUBSTITUTE(SUBSTITUTE(SUBSTITUTE(SUBSTITUTE(SUBSTITUTE(SUBSTITUTE(AI15,"__","_"),"__","_"),"__","_"),"__","_"),"__","_"),"__","_"),"__","_"),"__","_")) | AK15: =IF(OR(AJ15="",AJ15="_"),"",IF(LEFT(AJ15,1)="_",IF(RIGHT(AJ15,1)="_",MID(AJ15,2,LEN(AJ15)-2),RIGHT(AJ15,LEN(AJ15)-1)),IF(RIGHT(AJ15,1)="_",LEFT(AJ15,LEN(AJ15)-1),AJ15))) | AL15: =IF(OR(LOWER(TRIM(B15))="",LOWER(TRIM(B15))="nan",LOWER(TRIM(B15))="none",LOWER(TRIM(B15))="n/a"),"",SUBSTITUTE(SUBSTITUTE(SUBSTITUTE(SUBSTITUTE(SUBSTITUTE(SUBSTITUTE(SUBSTITUTE(SUBSTITUTE(SUBSTITUTE(SUBSTITUTE(SUBSTITUTE(SUBSTITUTE(SUBSTITUTE(SUBSTITUTE(SUBSTITUTE(SUBSTITUTE(SUBSTITUTE(SUBSTITUTE(SUBSTITUTE(SUBSTITUTE(SUBSTITUTE(SUBSTITUTE(SUBSTITUTE(SUBSTITUTE(SUBSTITUTE(SUBSTITUTE(SUBSTITUTE(SUBSTITUTE(SUBSTITUTE(SUBSTITUTE(SUBSTITUTE(SUBSTITUTE(SUBSTITUTE(SUBSTITUTE(SUBSTITUTE(SUBSTITUTE(SUBSTITUTE(SUBSTITUTE(LOWER(TRIM(B15))," ","_"),"!","_"),"#","_"),"$","_"),"%","_"),"&","_"),"'","_"),"(","_"),")","_"),"*","_"),"+","_"),",","_"),"-","_"),".","_"),"/","_"),":","_"),";","_"),"<","_"),"=","_"),">","_"),"?","_"),"@","_"),"[","_"),"\","_"),"]","_"),"^","_"),"`","_"),"{","_"),"|","_"),"}","_"),"~","_"),"–","_"),"—","_"),"’","_"),"“","_"),"”","_"),CHAR(9),"_"),CHAR(160),"_")) | AM15: =IF(AL15="","",SUBSTITUTE(SUBSTITUTE(SUBSTITUTE(SUBSTITUTE(SUBSTITUTE(SUBSTITUTE(SUBSTITUTE(SUBSTITUTE(AL15,"__","_"),"__","_"),"__","_"),"__","_"),"__","_"),"__","_"),"__","_"),"__","_")) | AN15: =IF(OR(AM15="",AM15="_"),"",IF(LEFT(AM15,1)="_",IF(RIGHT(AM15,1)="_",MID(AM15,2,LEN(AM15)-2),RIGHT(AM15,LEN(AM15)-1)),IF(RIGHT(AM15,1)="_",LEFT(AM15,LEN(AM15)-1),AM15))) | AO15: =IF(OR(LOWER(TRIM(C15))="",LOWER(TRIM(C15))="nan",LOWER(TRIM(C15))="none",LOWER(TRIM(C15))="n/a"),"",SUBSTITUTE(SUBSTITUTE(SUBSTITUTE(SUBSTITUTE(SUBSTITUTE(SUBSTITUTE(SUBSTITUTE(SUBSTITUTE(SUBSTITUTE(SUBSTITUTE(SUBSTITUTE(SUBSTITUTE(SUBSTITUTE(SUBSTITUTE(SUBSTITUTE(SUBSTITUTE(SUBSTITUTE(SUBSTITUTE(SUBSTITUTE(SUBSTITUTE(SUBSTITUTE(SUBSTITUTE(SUBSTITUTE(SUBSTITUTE(SUBSTITUTE(SUBSTITUTE(SUBSTITUTE(SUBSTITUTE(SUBSTITUTE(SUBSTITUTE(SUBSTITUTE(SUBSTITUTE(SUBSTITUTE(SUBSTITUTE(SUBSTITUTE(SUBSTITUTE(SUBSTITUTE(SUBSTITUTE(LOWER(TRIM(C15))," ","_"),"!","_"),"#","_"),"$","_"),"%","_"),"&","_"),"'","_"),"(","_"),")","_"),"*","_"),"+","_"),",","_"),"-","_"),".","_"),"/","_"),":","_"),";","_"),"<","_"),"=","_"),">","_"),"?","_"),"@","_"),"[","_"),"\","_"),"]","_"),"^","_"),"`","_"),"{","_"),"|","_"),"}","_"),"~","_"),"–","_"),"—","_"),"’","_"),"“","_"),"”","_"),CHAR(9),"_"),CHAR(160),"_")) | AP15: =IF(AO15="","",SUBSTITUTE(SUBSTITUTE(SUBSTITUTE(SUBSTITUTE(SUBSTITUTE(SUBSTITUTE(SUBSTITUTE(SUBSTITUTE(AO15,"__","_"),"__","_"),"__","_"),"__","_"),"__","_"),"__","_"),"__","_"),"__","_")) | AQ15: =IF(OR(AP15="",AP15="_"),"",IF(LEFT(AP15,1)="_",IF(RIGHT(AP15,1)="_",MID(AP15,2,LEN(AP15)-2),RIGHT(AP15,LEN(AP15)-1)),IF(RIGHT(AP15,1)="_",LEFT(AP15,LEN(AP15)-1),AP15)))
H16: =IF(AK16<>"",AK16,"")&IF(AN16<>"",IF(AK16<>"","_"&AN16,AN16),"")&IF(AQ16<>"",IF(AK16<>"","_"&AQ16,AQ16),"") | I16: =IF(TRIM(G16)<>"",TRIM(G16),H16) | J16: =IF(OR(A16="",B16="",C16="",D16=""),"Missing required field — fill in product, metric_key, segment, and metric before this row can be used.",IF(H16="","Missing required field — product, metric_key, and segment must combine into an ID.",IF(COUNTIF($I$8:$I$32,I16)>1,"Duplicate outcome ID — two rows currently build the same outcome_id; add a distinguishing detail.",IF(AND(F16<>"",F16<>I16),"Existing outcome_id differs from the built ID — review before using.","Ready")))) | AI16: =IF(OR(LOWER(TRIM(A16))="",LOWER(TRIM(A16))="nan",LOWER(TRIM(A16))="none",LOWER(TRIM(A16))="n/a"),"",SUBSTITUTE(SUBSTITUTE(SUBSTITUTE(SUBSTITUTE(SUBSTITUTE(SUBSTITUTE(SUBSTITUTE(SUBSTITUTE(SUBSTITUTE(SUBSTITUTE(SUBSTITUTE(SUBSTITUTE(SUBSTITUTE(SUBSTITUTE(SUBSTITUTE(SUBSTITUTE(SUBSTITUTE(SUBSTITUTE(SUBSTITUTE(SUBSTITUTE(SUBSTITUTE(SUBSTITUTE(SUBSTITUTE(SUBSTITUTE(SUBSTITUTE(SUBSTITUTE(SUBSTITUTE(SUBSTITUTE(SUBSTITUTE(SUBSTITUTE(SUBSTITUTE(SUBSTITUTE(SUBSTITUTE(SUBSTITUTE(SUBSTITUTE(SUBSTITUTE(SUBSTITUTE(SUBSTITUTE(LOWER(TRIM(A16))," ","_"),"!","_"),"#","_"),"$","_"),"%","_"),"&","_"),"'","_"),"(","_"),")","_"),"*","_"),"+","_"),",","_"),"-","_"),".","_"),"/","_"),":","_"),";","_"),"<","_"),"=","_"),">","_"),"?","_"),"@","_"),"[","_"),"\","_"),"]","_"),"^","_"),"`","_"),"{","_"),"|","_"),"}","_"),"~","_"),"–","_"),"—","_"),"’","_"),"“","_"),"”","_"),CHAR(9),"_"),CHAR(160),"_")) | AJ16: =IF(AI16="","",SUBSTITUTE(SUBSTITUTE(SUBSTITUTE(SUBSTITUTE(SUBSTITUTE(SUBSTITUTE(SUBSTITUTE(SUBSTITUTE(AI16,"__","_"),"__","_"),"__","_"),"__","_"),"__","_"),"__","_"),"__","_"),"__","_")) | AK16: =IF(OR(AJ16="",AJ16="_"),"",IF(LEFT(AJ16,1)="_",IF(RIGHT(AJ16,1)="_",MID(AJ16,2,LEN(AJ16)-2),RIGHT(AJ16,LEN(AJ16)-1)),IF(RIGHT(AJ16,1)="_",LEFT(AJ16,LEN(AJ16)-1),AJ16))) | AL16: =IF(OR(LOWER(TRIM(B16))="",LOWER(TRIM(B16))="nan",LOWER(TRIM(B16))="none",LOWER(TRIM(B16))="n/a"),"",SUBSTITUTE(SUBSTITUTE(SUBSTITUTE(SUBSTITUTE(SUBSTITUTE(SUBSTITUTE(SUBSTITUTE(SUBSTITUTE(SUBSTITUTE(SUBSTITUTE(SUBSTITUTE(SUBSTITUTE(SUBSTITUTE(SUBSTITUTE(SUBSTITUTE(SUBSTITUTE(SUBSTITUTE(SUBSTITUTE(SUBSTITUTE(SUBSTITUTE(SUBSTITUTE(SUBSTITUTE(SUBSTITUTE(SUBSTITUTE(SUBSTITUTE(SUBSTITUTE(SUBSTITUTE(SUBSTITUTE(SUBSTITUTE(SUBSTITUTE(SUBSTITUTE(SUBSTITUTE(SUBSTITUTE(SUBSTITUTE(SUBSTITUTE(SUBSTITUTE(SUBSTITUTE(SUBSTITUTE(LOWER(TRIM(B16))," ","_"),"!","_"),"#","_"),"$","_"),"%","_"),"&","_"),"'","_"),"(","_"),")","_"),"*","_"),"+","_"),",","_"),"-","_"),".","_"),"/","_"),":","_"),";","_"),"<","_"),"=","_"),">","_"),"?","_"),"@","_"),"[","_"),"\","_"),"]","_"),"^","_"),"`","_"),"{","_"),"|","_"),"}","_"),"~","_"),"–","_"),"—","_"),"’","_"),"“","_"),"”","_"),CHAR(9),"_"),CHAR(160),"_")) | AM16: =IF(AL16="","",SUBSTITUTE(SUBSTITUTE(SUBSTITUTE(SUBSTITUTE(SUBSTITUTE(SUBSTITUTE(SUBSTITUTE(SUBSTITUTE(AL16,"__","_"),"__","_"),"__","_"),"__","_"),"__","_"),"__","_"),"__","_"),"__","_")) | AN16: =IF(OR(AM16="",AM16="_"),"",IF(LEFT(AM16,1)="_",IF(RIGHT(AM16,1)="_",MID(AM16,2,LEN(AM16)-2),RIGHT(AM16,LEN(AM16)-1)),IF(RIGHT(AM16,1)="_",LEFT(AM16,LEN(AM16)-1),AM16))) | AO16: =IF(OR(LOWER(TRIM(C16))="",LOWER(TRIM(C16))="nan",LOWER(TRIM(C16))="none",LOWER(TRIM(C16))="n/a"),"",SUBSTITUTE(SUBSTITUTE(SUBSTITUTE(SUBSTITUTE(SUBSTITUTE(SUBSTITUTE(SUBSTITUTE(SUBSTITUTE(SUBSTITUTE(SUBSTITUTE(SUBSTITUTE(SUBSTITUTE(SUBSTITUTE(SUBSTITUTE(SUBSTITUTE(SUBSTITUTE(SUBSTITUTE(SUBSTITUTE(SUBSTITUTE(SUBSTITUTE(SUBSTITUTE(SUBSTITUTE(SUBSTITUTE(SUBSTITUTE(SUBSTITUTE(SUBSTITUTE(SUBSTITUTE(SUBSTITUTE(SUBSTITUTE(SUBSTITUTE(SUBSTITUTE(SUBSTITUTE(SUBSTITUTE(SUBSTITUTE(SUBSTITUTE(SUBSTITUTE(SUBSTITUTE(SUBSTITUTE(LOWER(TRIM(C16))," ","_"),"!","_"),"#","_"),"$","_"),"%","_"),"&","_"),"'","_"),"(","_"),")","_"),"*","_"),"+","_"),",","_"),"-","_"),".","_"),"/","_"),":","_"),";","_"),"<","_"),"=","_"),">","_"),"?","_"),"@","_"),"[","_"),"\","_"),"]","_"),"^","_"),"`","_"),"{","_"),"|","_"),"}","_"),"~","_"),"–","_"),"—","_"),"’","_"),"“","_"),"”","_"),CHAR(9),"_"),CHAR(160),"_")) | AP16: =IF(AO16="","",SUBSTITUTE(SUBSTITUTE(SUBSTITUTE(SUBSTITUTE(SUBSTITUTE(SUBSTITUTE(SUBSTITUTE(SUBSTITUTE(AO16,"__","_"),"__","_"),"__","_"),"__","_"),"__","_"),"__","_"),"__","_"),"__","_")) | AQ16: =IF(OR(AP16="",AP16="_"),"",IF(LEFT(AP16,1)="_",IF(RIGHT(AP16,1)="_",MID(AP16,2,LEN(AP16)-2),RIGHT(AP16,LEN(AP16)-1)),IF(RIGHT(AP16,1)="_",LEFT(AP16,LEN(AP16)-1),AP16)))
H17: =IF(AK17<>"",AK17,"")&IF(AN17<>"",IF(AK17<>"","_"&AN17,AN17),"")&IF(AQ17<>"",IF(AK17<>"","_"&AQ17,AQ17),"") | I17: =IF(TRIM(G17)<>"",TRIM(G17),H17) | J17: =IF(OR(A17="",B17="",C17="",D17=""),"Missing required field — fill in product, metric_key, segment, and metric before this row can be used.",IF(H17="","Missing required field — product, metric_key, and segment must combine into an ID.",IF(COUNTIF($I$8:$I$32,I17)>1,"Duplicate outcome ID — two rows currently build the same outcome_id; add a distinguishing detail.",IF(AND(F17<>"",F17<>I17),"Existing outcome_id differs from the built ID — review before using.","Ready")))) | AI17: =IF(OR(LOWER(TRIM(A17))="",LOWER(TRIM(A17))="nan",LOWER(TRIM(A17))="none",LOWER(TRIM(A17))="n/a"),"",SUBSTITUTE(SUBSTITUTE(SUBSTITUTE(SUBSTITUTE(SUBSTITUTE(SUBSTITUTE(SUBSTITUTE(SUBSTITUTE(SUBSTITUTE(SUBSTITUTE(SUBSTITUTE(SUBSTITUTE(SUBSTITUTE(SUBSTITUTE(SUBSTITUTE(SUBSTITUTE(SUBSTITUTE(SUBSTITUTE(SUBSTITUTE(SUBSTITUTE(SUBSTITUTE(SUBSTITUTE(SUBSTITUTE(SUBSTITUTE(SUBSTITUTE(SUBSTITUTE(SUBSTITUTE(SUBSTITUTE(SUBSTITUTE(SUBSTITUTE(SUBSTITUTE(SUBSTITUTE(SUBSTITUTE(SUBSTITUTE(SUBSTITUTE(SUBSTITUTE(SUBSTITUTE(SUBSTITUTE(LOWER(TRIM(A17))," ","_"),"!","_"),"#","_"),"$","_"),"%","_"),"&","_"),"'","_"),"(","_"),")","_"),"*","_"),"+","_"),",","_"),"-","_"),".","_"),"/","_"),":","_"),";","_"),"<","_"),"=","_"),">","_"),"?","_"),"@","_"),"[","_"),"\","_"),"]","_"),"^","_"),"`","_"),"{","_"),"|","_"),"}","_"),"~","_"),"–","_"),"—","_"),"’","_"),"“","_"),"”","_"),CHAR(9),"_"),CHAR(160),"_")) | AJ17: =IF(AI17="","",SUBSTITUTE(SUBSTITUTE(SUBSTITUTE(SUBSTITUTE(SUBSTITUTE(SUBSTITUTE(SUBSTITUTE(SUBSTITUTE(AI17,"__","_"),"__","_"),"__","_"),"__","_"),"__","_"),"__","_"),"__","_"),"__","_")) | AK17: =IF(OR(AJ17="",AJ17="_"),"",IF(LEFT(AJ17,1)="_",IF(RIGHT(AJ17,1)="_",MID(AJ17,2,LEN(AJ17)-2),RIGHT(AJ17,LEN(AJ17)-1)),IF(RIGHT(AJ17,1)="_",LEFT(AJ17,LEN(AJ17)-1),AJ17))) | AL17: =IF(OR(LOWER(TRIM(B17))="",LOWER(TRIM(B17))="nan",LOWER(TRIM(B17))="none",LOWER(TRIM(B17))="n/a"),"",SUBSTITUTE(SUBSTITUTE(SUBSTITUTE(SUBSTITUTE(SUBSTITUTE(SUBSTITUTE(SUBSTITUTE(SUBSTITUTE(SUBSTITUTE(SUBSTITUTE(SUBSTITUTE(SUBSTITUTE(SUBSTITUTE(SUBSTITUTE(SUBSTITUTE(SUBSTITUTE(SUBSTITUTE(SUBSTITUTE(SUBSTITUTE(SUBSTITUTE(SUBSTITUTE(SUBSTITUTE(SUBSTITUTE(SUBSTITUTE(SUBSTITUTE(SUBSTITUTE(SUBSTITUTE(SUBSTITUTE(SUBSTITUTE(SUBSTITUTE(SUBSTITUTE(SUBSTITUTE(SUBSTITUTE(SUBSTITUTE(SUBSTITUTE(SUBSTITUTE(SUBSTITUTE(SUBSTITUTE(LOWER(TRIM(B17))," ","_"),"!","_"),"#","_"),"$","_"),"%","_"),"&","_"),"'","_"),"(","_"),")","_"),"*","_"),"+","_"),",","_"),"-","_"),".","_"),"/","_"),":","_"),";","_"),"<","_"),"=","_"),">","_"),"?","_"),"@","_"),"[","_"),"\","_"),"]","_"),"^","_"),"`","_"),"{","_"),"|","_"),"}","_"),"~","_"),"–","_"),"—","_"),"’","_"),"“","_"),"”","_"),CHAR(9),"_"),CHAR(160),"_")) | AM17: =IF(AL17="","",SUBSTITUTE(SUBSTITUTE(SUBSTITUTE(SUBSTITUTE(SUBSTITUTE(SUBSTITUTE(SUBSTITUTE(SUBSTITUTE(AL17,"__","_"),"__","_"),"__","_"),"__","_"),"__","_"),"__","_"),"__","_"),"__","_")) | AN17: =IF(OR(AM17="",AM17="_"),"",IF(LEFT(AM17,1)="_",IF(RIGHT(AM17,1)="_",MID(AM17,2,LEN(AM17)-2),RIGHT(AM17,LEN(AM17)-1)),IF(RIGHT(AM17,1)="_",LEFT(AM17,LEN(AM17)-1),AM17))) | AO17: =IF(OR(LOWER(TRIM(C17))="",LOWER(TRIM(C17))="nan",LOWER(TRIM(C17))="none",LOWER(TRIM(C17))="n/a"),"",SUBSTITUTE(SUBSTITUTE(SUBSTITUTE(SUBSTITUTE(SUBSTITUTE(SUBSTITUTE(SUBSTITUTE(SUBSTITUTE(SUBSTITUTE(SUBSTITUTE(SUBSTITUTE(SUBSTITUTE(SUBSTITUTE(SUBSTITUTE(SUBSTITUTE(SUBSTITUTE(SUBSTITUTE(SUBSTITUTE(SUBSTITUTE(SUBSTITUTE(SUBSTITUTE(SUBSTITUTE(SUBSTITUTE(SUBSTITUTE(SUBSTITUTE(SUBSTITUTE(SUBSTITUTE(SUBSTITUTE(SUBSTITUTE(SUBSTITUTE(SUBSTITUTE(SUBSTITUTE(SUBSTITUTE(SUBSTITUTE(SUBSTITUTE(SUBSTITUTE(SUBSTITUTE(SUBSTITUTE(LOWER(TRIM(C17))," ","_"),"!","_"),"#","_"),"$","_"),"%","_"),"&","_"),"'","_"),"(","_"),")","_"),"*","_"),"+","_"),",","_"),"-","_"),".","_"),"/","_"),":","_"),";","_"),"<","_"),"=","_"),">","_"),"?","_"),"@","_"),"[","_"),"\","_"),"]","_"),"^","_"),"`","_"),"{","_"),"|","_"),"}","_"),"~","_"),"–","_"),"—","_"),"’","_"),"“","_"),"”","_"),CHAR(9),"_"),CHAR(160),"_")) | AP17: =IF(AO17="","",SUBSTITUTE(SUBSTITUTE(SUBSTITUTE(SUBSTITUTE(SUBSTITUTE(SUBSTITUTE(SUBSTITUTE(SUBSTITUTE(AO17,"__","_"),"__","_"),"__","_"),"__","_"),"__","_"),"__","_"),"__","_"),"__","_")) | AQ17: =IF(OR(AP17="",AP17="_"),"",IF(LEFT(AP17,1)="_",IF(RIGHT(AP17,1)="_",MID(AP17,2,LEN(AP17)-2),RIGHT(AP17,LEN(AP17)-1)),IF(RIGHT(AP17,1)="_",LEFT(AP17,LEN(AP17)-1),AP17)))
H18: =IF(AK18<>"",AK18,"")&IF(AN18<>"",IF(AK18<>"","_"&AN18,AN18),"")&IF(AQ18<>"",IF(AK18<>"","_"&AQ18,AQ18),"") | I18: =IF(TRIM(G18)<>"",TRIM(G18),H18) | J18: =IF(OR(A18="",B18="",C18="",D18=""),"Missing required field — fill in product, metric_key, segment, and metric before this row can be used.",IF(H18="","Missing required field — product, metric_key, and segment must combine into an ID.",IF(COUNTIF($I$8:$I$32,I18)>1,"Duplicate outcome ID — two rows currently build the same outcome_id; add a distinguishing detail.",IF(AND(F18<>"",F18<>I18),"Existing outcome_id differs from the built ID — review before using.","Ready")))) | AI18: =IF(OR(LOWER(TRIM(A18))="",LOWER(TRIM(A18))="nan",LOWER(TRIM(A18))="none",LOWER(TRIM(A18))="n/a"),"",SUBSTITUTE(SUBSTITUTE(SUBSTITUTE(SUBSTITUTE(SUBSTITUTE(SUBSTITUTE(SUBSTITUTE(SUBSTITUTE(SUBSTITUTE(SUBSTITUTE(SUBSTITUTE(SUBSTITUTE(SUBSTITUTE(SUBSTITUTE(SUBSTITUTE(SUBSTITUTE(SUBSTITUTE(SUBSTITUTE(SUBSTITUTE(SUBSTITUTE(SUBSTITUTE(SUBSTITUTE(SUBSTITUTE(SUBSTITUTE(SUBSTITUTE(SUBSTITUTE(SUBSTITUTE(SUBSTITUTE(SUBSTITUTE(SUBSTITUTE(SUBSTITUTE(SUBSTITUTE(SUBSTITUTE(SUBSTITUTE(SUBSTITUTE(SUBSTITUTE(SUBSTITUTE(SUBSTITUTE(LOWER(TRIM(A18))," ","_"),"!","_"),"#","_"),"$","_"),"%","_"),"&","_"),"'","_"),"(","_"),")","_"),"*","_"),"+","_"),",","_"),"-","_"),".","_"),"/","_"),":","_"),";","_"),"<","_"),"=","_"),">","_"),"?","_"),"@","_"),"[","_"),"\","_"),"]","_"),"^","_"),"`","_"),"{","_"),"|","_"),"}","_"),"~","_"),"–","_"),"—","_"),"’","_"),"“","_"),"”","_"),CHAR(9),"_"),CHAR(160),"_")) | AJ18: =IF(AI18="","",SUBSTITUTE(SUBSTITUTE(SUBSTITUTE(SUBSTITUTE(SUBSTITUTE(SUBSTITUTE(SUBSTITUTE(SUBSTITUTE(AI18,"__","_"),"__","_"),"__","_"),"__","_"),"__","_"),"__","_"),"__","_"),"__","_")) | AK18: =IF(OR(AJ18="",AJ18="_"),"",IF(LEFT(AJ18,1)="_",IF(RIGHT(AJ18,1)="_",MID(AJ18,2,LEN(AJ18)-2),RIGHT(AJ18,LEN(AJ18)-1)),IF(RIGHT(AJ18,1)="_",LEFT(AJ18,LEN(AJ18)-1),AJ18))) | AL18: =IF(OR(LOWER(TRIM(B18))="",LOWER(TRIM(B18))="nan",LOWER(TRIM(B18))="none",LOWER(TRIM(B18))="n/a"),"",SUBSTITUTE(SUBSTITUTE(SUBSTITUTE(SUBSTITUTE(SUBSTITUTE(SUBSTITUTE(SUBSTITUTE(SUBSTITUTE(SUBSTITUTE(SUBSTITUTE(SUBSTITUTE(SUBSTITUTE(SUBSTITUTE(SUBSTITUTE(SUBSTITUTE(SUBSTITUTE(SUBSTITUTE(SUBSTITUTE(SUBSTITUTE(SUBSTITUTE(SUBSTITUTE(SUBSTITUTE(SUBSTITUTE(SUBSTITUTE(SUBSTITUTE(SUBSTITUTE(SUBSTITUTE(SUBSTITUTE(SUBSTITUTE(SUBSTITUTE(SUBSTITUTE(SUBSTITUTE(SUBSTITUTE(SUBSTITUTE(SUBSTITUTE(SUBSTITUTE(SUBSTITUTE(SUBSTITUTE(LOWER(TRIM(B18))," ","_"),"!","_"),"#","_"),"$","_"),"%","_"),"&","_"),"'","_"),"(","_"),")","_"),"*","_"),"+","_"),",","_"),"-","_"),".","_"),"/","_"),":","_"),";","_"),"<","_"),"=","_"),">","_"),"?","_"),"@","_"),"[","_"),"\","_"),"]","_"),"^","_"),"`","_"),"{","_"),"|","_"),"}","_"),"~","_"),"–","_"),"—","_"),"’","_"),"“","_"),"”","_"),CHAR(9),"_"),CHAR(160),"_")) | AM18: =IF(AL18="","",SUBSTITUTE(SUBSTITUTE(SUBSTITUTE(SUBSTITUTE(SUBSTITUTE(SUBSTITUTE(SUBSTITUTE(SUBSTITUTE(AL18,"__","_"),"__","_"),"__","_"),"__","_"),"__","_"),"__","_"),"__","_"),"__","_")) | AN18: =IF(OR(AM18="",AM18="_"),"",IF(LEFT(AM18,1)="_",IF(RIGHT(AM18,1)="_",MID(AM18,2,LEN(AM18)-2),RIGHT(AM18,LEN(AM18)-1)),IF(RIGHT(AM18,1)="_",LEFT(AM18,LEN(AM18)-1),AM18))) | AO18: =IF(OR(LOWER(TRIM(C18))="",LOWER(TRIM(C18))="nan",LOWER(TRIM(C18))="none",LOWER(TRIM(C18))="n/a"),"",SUBSTITUTE(SUBSTITUTE(SUBSTITUTE(SUBSTITUTE(SUBSTITUTE(SUBSTITUTE(SUBSTITUTE(SUBSTITUTE(SUBSTITUTE(SUBSTITUTE(SUBSTITUTE(SUBSTITUTE(SUBSTITUTE(SUBSTITUTE(SUBSTITUTE(SUBSTITUTE(SUBSTITUTE(SUBSTITUTE(SUBSTITUTE(SUBSTITUTE(SUBSTITUTE(SUBSTITUTE(SUBSTITUTE(SUBSTITUTE(SUBSTITUTE(SUBSTITUTE(SUBSTITUTE(SUBSTITUTE(SUBSTITUTE(SUBSTITUTE(SUBSTITUTE(SUBSTITUTE(SUBSTITUTE(SUBSTITUTE(SUBSTITUTE(SUBSTITUTE(SUBSTITUTE(SUBSTITUTE(LOWER(TRIM(C18))," ","_"),"!","_"),"#","_"),"$","_"),"%","_"),"&","_"),"'","_"),"(","_"),")","_"),"*","_"),"+","_"),",","_"),"-","_"),".","_"),"/","_"),":","_"),";","_"),"<","_"),"=","_"),">","_"),"?","_"),"@","_"),"[","_"),"\","_"),"]","_"),"^","_"),"`","_"),"{","_"),"|","_"),"}","_"),"~","_"),"–","_"),"—","_"),"’","_"),"“","_"),"”","_"),CHAR(9),"_"),CHAR(160),"_")) | AP18: =IF(AO18="","",SUBSTITUTE(SUBSTITUTE(SUBSTITUTE(SUBSTITUTE(SUBSTITUTE(SUBSTITUTE(SUBSTITUTE(SUBSTITUTE(AO18,"__","_"),"__","_"),"__","_"),"__","_"),"__","_"),"__","_"),"__","_"),"__","_")) | AQ18: =IF(OR(AP18="",AP18="_"),"",IF(LEFT(AP18,1)="_",IF(RIGHT(AP18,1)="_",MID(AP18,2,LEN(AP18)-2),RIGHT(AP18,LEN(AP18)-1)),IF(RIGHT(AP18,1)="_",LEFT(AP18,LEN(AP18)-1),AP18)))
H19: =IF(AK19<>"",AK19,"")&IF(AN19<>"",IF(AK19<>"","_"&AN19,AN19),"")&IF(AQ19<>"",IF(AK19<>"","_"&AQ19,AQ19),"") | I19: =IF(TRIM(G19)<>"",TRIM(G19),H19) | J19: =IF(OR(A19="",B19="",C19="",D19=""),"Missing required field — fill in product, metric_key, segment, and metric before this row can be used.",IF(H19="","Missing required field — product, metric_key, and segment must combine into an ID.",IF(COUNTIF($I$8:$I$32,I19)>1,"Duplicate outcome ID — two rows currently build the same outcome_id; add a distinguishing detail.",IF(AND(F19<>"",F19<>I19),"Existing outcome_id differs from the built ID — review before using.","Ready")))) | AI19: =IF(OR(LOWER(TRIM(A19))="",LOWER(TRIM(A19))="nan",LOWER(TRIM(A19))="none",LOWER(TRIM(A19))="n/a"),"",SUBSTITUTE(SUBSTITUTE(SUBSTITUTE(SUBSTITUTE(SUBSTITUTE(SUBSTITUTE(SUBSTITUTE(SUBSTITUTE(SUBSTITUTE(SUBSTITUTE(SUBSTITUTE(SUBSTITUTE(SUBSTITUTE(SUBSTITUTE(SUBSTITUTE(SUBSTITUTE(SUBSTITUTE(SUBSTITUTE(SUBSTITUTE(SUBSTITUTE(SUBSTITUTE(SUBSTITUTE(SUBSTITUTE(SUBSTITUTE(SUBSTITUTE(SUBSTITUTE(SUBSTITUTE(SUBSTITUTE(SUBSTITUTE(SUBSTITUTE(SUBSTITUTE(SUBSTITUTE(SUBSTITUTE(SUBSTITUTE(SUBSTITUTE(SUBSTITUTE(SUBSTITUTE(SUBSTITUTE(LOWER(TRIM(A19))," ","_"),"!","_"),"#","_"),"$","_"),"%","_"),"&","_"),"'","_"),"(","_"),")","_"),"*","_"),"+","_"),",","_"),"-","_"),".","_"),"/","_"),":","_"),";","_"),"<","_"),"=","_"),">","_"),"?","_"),"@","_"),"[","_"),"\","_"),"]","_"),"^","_"),"`","_"),"{","_"),"|","_"),"}","_"),"~","_"),"–","_"),"—","_"),"’","_"),"“","_"),"”","_"),CHAR(9),"_"),CHAR(160),"_")) | AJ19: =IF(AI19="","",SUBSTITUTE(SUBSTITUTE(SUBSTITUTE(SUBSTITUTE(SUBSTITUTE(SUBSTITUTE(SUBSTITUTE(SUBSTITUTE(AI19,"__","_"),"__","_"),"__","_"),"__","_"),"__","_"),"__","_"),"__","_"),"__","_")) | AK19: =IF(OR(AJ19="",AJ19="_"),"",IF(LEFT(AJ19,1)="_",IF(RIGHT(AJ19,1)="_",MID(AJ19,2,LEN(AJ19)-2),RIGHT(AJ19,LEN(AJ19)-1)),IF(RIGHT(AJ19,1)="_",LEFT(AJ19,LEN(AJ19)-1),AJ19))) | AL19: =IF(OR(LOWER(TRIM(B19))="",LOWER(TRIM(B19))="nan",LOWER(TRIM(B19))="none",LOWER(TRIM(B19))="n/a"),"",SUBSTITUTE(SUBSTITUTE(SUBSTITUTE(SUBSTITUTE(SUBSTITUTE(SUBSTITUTE(SUBSTITUTE(SUBSTITUTE(SUBSTITUTE(SUBSTITUTE(SUBSTITUTE(SUBSTITUTE(SUBSTITUTE(SUBSTITUTE(SUBSTITUTE(SUBSTITUTE(SUBSTITUTE(SUBSTITUTE(SUBSTITUTE(SUBSTITUTE(SUBSTITUTE(SUBSTITUTE(SUBSTITUTE(SUBSTITUTE(SUBSTITUTE(SUBSTITUTE(SUBSTITUTE(SUBSTITUTE(SUBSTITUTE(SUBSTITUTE(SUBSTITUTE(SUBSTITUTE(SUBSTITUTE(SUBSTITUTE(SUBSTITUTE(SUBSTITUTE(SUBSTITUTE(SUBSTITUTE(LOWER(TRIM(B19))," ","_"),"!","_"),"#","_"),"$","_"),"%","_"),"&","_"),"'","_"),"(","_"),")","_"),"*","_"),"+","_"),",","_"),"-","_"),".","_"),"/","_"),":","_"),";","_"),"<","_"),"=","_"),">","_"),"?","_"),"@","_"),"[","_"),"\","_"),"]","_"),"^","_"),"`","_"),"{","_"),"|","_"),"}","_"),"~","_"),"–","_"),"—","_"),"’","_"),"“","_"),"”","_"),CHAR(9),"_"),CHAR(160),"_")) | AM19: =IF(AL19="","",SUBSTITUTE(SUBSTITUTE(SUBSTITUTE(SUBSTITUTE(SUBSTITUTE(SUBSTITUTE(SUBSTITUTE(SUBSTITUTE(AL19,"__","_"),"__","_"),"__","_"),"__","_"),"__","_"),"__","_"),"__","_"),"__","_")) | AN19: =IF(OR(AM19="",AM19="_"),"",IF(LEFT(AM19,1)="_",IF(RIGHT(AM19,1)="_",MID(AM19,2,LEN(AM19)-2),RIGHT(AM19,LEN(AM19)-1)),IF(RIGHT(AM19,1)="_",LEFT(AM19,LEN(AM19)-1),AM19))) | AO19: =IF(OR(LOWER(TRIM(C19))="",LOWER(TRIM(C19))="nan",LOWER(TRIM(C19))="none",LOWER(TRIM(C19))="n/a"),"",SUBSTITUTE(SUBSTITUTE(SUBSTITUTE(SUBSTITUTE(SUBSTITUTE(SUBSTITUTE(SUBSTITUTE(SUBSTITUTE(SUBSTITUTE(SUBSTITUTE(SUBSTITUTE(SUBSTITUTE(SUBSTITUTE(SUBSTITUTE(SUBSTITUTE(SUBSTITUTE(SUBSTITUTE(SUBSTITUTE(SUBSTITUTE(SUBSTITUTE(SUBSTITUTE(SUBSTITUTE(SUBSTITUTE(SUBSTITUTE(SUBSTITUTE(SUBSTITUTE(SUBSTITUTE(SUBSTITUTE(SUBSTITUTE(SUBSTITUTE(SUBSTITUTE(SUBSTITUTE(SUBSTITUTE(SUBSTITUTE(SUBSTITUTE(SUBSTITUTE(SUBSTITUTE(SUBSTITUTE(LOWER(TRIM(C19))," ","_"),"!","_"),"#","_"),"$","_"),"%","_"),"&","_"),"'","_"),"(","_"),")","_"),"*","_"),"+","_"),",","_"),"-","_"),".","_"),"/","_"),":","_"),";","_"),"<","_"),"=","_"),">","_"),"?","_"),"@","_"),"[","_"),"\","_"),"]","_"),"^","_"),"`","_"),"{","_"),"|","_"),"}","_"),"~","_"),"–","_"),"—","_"),"’","_"),"“","_"),"”","_"),CHAR(9),"_"),CHAR(160),"_")) | AP19: =IF(AO19="","",SUBSTITUTE(SUBSTITUTE(SUBSTITUTE(SUBSTITUTE(SUBSTITUTE(SUBSTITUTE(SUBSTITUTE(SUBSTITUTE(AO19,"__","_"),"__","_"),"__","_"),"__","_"),"__","_"),"__","_"),"__","_"),"__","_")) | AQ19: =IF(OR(AP19="",AP19="_"),"",IF(LEFT(AP19,1)="_",IF(RIGHT(AP19,1)="_",MID(AP19,2,LEN(AP19)-2),RIGHT(AP19,LEN(AP19)-1)),IF(RIGHT(AP19,1)="_",LEFT(AP19,LEN(AP19)-1),AP19)))
H20: =IF(AK20<>"",AK20,"")&IF(AN20<>"",IF(AK20<>"","_"&AN20,AN20),"")&IF(AQ20<>"",IF(AK20<>"","_"&AQ20,AQ20),"") | I20: =IF(TRIM(G20)<>"",TRIM(G20),H20) | J20: =IF(OR(A20="",B20="",C20="",D20=""),"Missing required field — fill in product, metric_key, segment, and metric before this row can be used.",IF(H20="","Missing required field — product, metric_key, and segment must combine into an ID.",IF(COUNTIF($I$8:$I$32,I20)>1,"Duplicate outcome ID — two rows currently build the same outcome_id; add a distinguishing detail.",IF(AND(F20<>"",F20<>I20),"Existing outcome_id differs from the built ID — review before using.","Ready")))) | AI20: =IF(OR(LOWER(TRIM(A20))="",LOWER(TRIM(A20))="nan",LOWER(TRIM(A20))="none",LOWER(TRIM(A20))="n/a"),"",SUBSTITUTE(SUBSTITUTE(SUBSTITUTE(SUBSTITUTE(SUBSTITUTE(SUBSTITUTE(SUBSTITUTE(SUBSTITUTE(SUBSTITUTE(SUBSTITUTE(SUBSTITUTE(SUBSTITUTE(SUBSTITUTE(SUBSTITUTE(SUBSTITUTE(SUBSTITUTE(SUBSTITUTE(SUBSTITUTE(SUBSTITUTE(SUBSTITUTE(SUBSTITUTE(SUBSTITUTE(SUBSTITUTE(SUBSTITUTE(SUBSTITUTE(SUBSTITUTE(SUBSTITUTE(SUBSTITUTE(SUBSTITUTE(SUBSTITUTE(SUBSTITUTE(SUBSTITUTE(SUBSTITUTE(SUBSTITUTE(SUBSTITUTE(SUBSTITUTE(SUBSTITUTE(SUBSTITUTE(LOWER(TRIM(A20))," ","_"),"!","_"),"#","_"),"$","_"),"%","_"),"&","_"),"'","_"),"(","_"),")","_"),"*","_"),"+","_"),",","_"),"-","_"),".","_"),"/","_"),":","_"),";","_"),"<","_"),"=","_"),">","_"),"?","_"),"@","_"),"[","_"),"\","_"),"]","_"),"^","_"),"`","_"),"{","_"),"|","_"),"}","_"),"~","_"),"–","_"),"—","_"),"’","_"),"“","_"),"”","_"),CHAR(9),"_"),CHAR(160),"_")) | AJ20: =IF(AI20="","",SUBSTITUTE(SUBSTITUTE(SUBSTITUTE(SUBSTITUTE(SUBSTITUTE(SUBSTITUTE(SUBSTITUTE(SUBSTITUTE(AI20,"__","_"),"__","_"),"__","_"),"__","_"),"__","_"),"__","_"),"__","_"),"__","_")) | AK20: =IF(OR(AJ20="",AJ20="_"),"",IF(LEFT(AJ20,1)="_",IF(RIGHT(AJ20,1)="_",MID(AJ20,2,LEN(AJ20)-2),RIGHT(AJ20,LEN(AJ20)-1)),IF(RIGHT(AJ20,1)="_",LEFT(AJ20,LEN(AJ20)-1),AJ20))) | AL20: =IF(OR(LOWER(TRIM(B20))="",LOWER(TRIM(B20))="nan",LOWER(TRIM(B20))="none",LOWER(TRIM(B20))="n/a"),"",SUBSTITUTE(SUBSTITUTE(SUBSTITUTE(SUBSTITUTE(SUBSTITUTE(SUBSTITUTE(SUBSTITUTE(SUBSTITUTE(SUBSTITUTE(SUBSTITUTE(SUBSTITUTE(SUBSTITUTE(SUBSTITUTE(SUBSTITUTE(SUBSTITUTE(SUBSTITUTE(SUBSTITUTE(SUBSTITUTE(SUBSTITUTE(SUBSTITUTE(SUBSTITUTE(SUBSTITUTE(SUBSTITUTE(SUBSTITUTE(SUBSTITUTE(SUBSTITUTE(SUBSTITUTE(SUBSTITUTE(SUBSTITUTE(SUBSTITUTE(SUBSTITUTE(SUBSTITUTE(SUBSTITUTE(SUBSTITUTE(SUBSTITUTE(SUBSTITUTE(SUBSTITUTE(SUBSTITUTE(LOWER(TRIM(B20))," ","_"),"!","_"),"#","_"),"$","_"),"%","_"),"&","_"),"'","_"),"(","_"),")","_"),"*","_"),"+","_"),",","_"),"-","_"),".","_"),"/","_"),":","_"),";","_"),"<","_"),"=","_"),">","_"),"?","_"),"@","_"),"[","_"),"\","_"),"]","_"),"^","_"),"`","_"),"{","_"),"|","_"),"}","_"),"~","_"),"–","_"),"—","_"),"’","_"),"“","_"),"”","_"),CHAR(9),"_"),CHAR(160),"_")) | AM20: =IF(AL20="","",SUBSTITUTE(SUBSTITUTE(SUBSTITUTE(SUBSTITUTE(SUBSTITUTE(SUBSTITUTE(SUBSTITUTE(SUBSTITUTE(AL20,"__","_"),"__","_"),"__","_"),"__","_"),"__","_"),"__","_"),"__","_"),"__","_")) | AN20: =IF(OR(AM20="",AM20="_"),"",IF(LEFT(AM20,1)="_",IF(RIGHT(AM20,1)="_",MID(AM20,2,LEN(AM20)-2),RIGHT(AM20,LEN(AM20)-1)),IF(RIGHT(AM20,1)="_",LEFT(AM20,LEN(AM20)-1),AM20))) | AO20: =IF(OR(LOWER(TRIM(C20))="",LOWER(TRIM(C20))="nan",LOWER(TRIM(C20))="none",LOWER(TRIM(C20))="n/a"),"",SUBSTITUTE(SUBSTITUTE(SUBSTITUTE(SUBSTITUTE(SUBSTITUTE(SUBSTITUTE(SUBSTITUTE(SUBSTITUTE(SUBSTITUTE(SUBSTITUTE(SUBSTITUTE(SUBSTITUTE(SUBSTITUTE(SUBSTITUTE(SUBSTITUTE(SUBSTITUTE(SUBSTITUTE(SUBSTITUTE(SUBSTITUTE(SUBSTITUTE(SUBSTITUTE(SUBSTITUTE(SUBSTITUTE(SUBSTITUTE(SUBSTITUTE(SUBSTITUTE(SUBSTITUTE(SUBSTITUTE(SUBSTITUTE(SUBSTITUTE(SUBSTITUTE(SUBSTITUTE(SUBSTITUTE(SUBSTITUTE(SUBSTITUTE(SUBSTITUTE(SUBSTITUTE(SUBSTITUTE(LOWER(TRIM(C20))," ","_"),"!","_"),"#","_"),"$","_"),"%","_"),"&","_"),"'","_"),"(","_"),")","_"),"*","_"),"+","_"),",","_"),"-","_"),".","_"),"/","_"),":","_"),";","_"),"<","_"),"=","_"),">","_"),"?","_"),"@","_"),"[","_"),"\","_"),"]","_"),"^","_"),"`","_"),"{","_"),"|","_"),"}","_"),"~","_"),"–","_"),"—","_"),"’","_"),"“","_"),"”","_"),CHAR(9),"_"),CHAR(160),"_")) | AP20: =IF(AO20="","",SUBSTITUTE(SUBSTITUTE(SUBSTITUTE(SUBSTITUTE(SUBSTITUTE(SUBSTITUTE(SUBSTITUTE(SUBSTITUTE(AO20,"__","_"),"__","_"),"__","_"),"__","_"),"__","_"),"__","_"),"__","_"),"__","_")) | AQ20: =IF(OR(AP20="",AP20="_"),"",IF(LEFT(AP20,1)="_",IF(RIGHT(AP20,1)="_",MID(AP20,2,LEN(AP20)-2),RIGHT(AP20,LEN(AP20)-1)),IF(RIGHT(AP20,1)="_",LEFT(AP20,LEN(AP20)-1),AP20)))
H21: =IF(AK21<>"",AK21,"")&IF(AN21<>"",IF(AK21<>"","_"&AN21,AN21),"")&IF(AQ21<>"",IF(AK21<>"","_"&AQ21,AQ21),"") | I21: =IF(TRIM(G21)<>"",TRIM(G21),H21) | J21: =IF(OR(A21="",B21="",C21="",D21=""),"Missing required field — fill in product, metric_key, segment, and metric before this row can be used.",IF(H21="","Missing required field — product, metric_key, and segment must combine into an ID.",IF(COUNTIF($I$8:$I$32,I21)>1,"Duplicate outcome ID — two rows currently build the same outcome_id; add a distinguishing detail.",IF(AND(F21<>"",F21<>I21),"Existing outcome_id differs from the built ID — review before using.","Ready")))) | AI21: =IF(OR(LOWER(TRIM(A21))="",LOWER(TRIM(A21))="nan",LOWER(TRIM(A21))="none",LOWER(TRIM(A21))="n/a"),"",SUBSTITUTE(SUBSTITUTE(SUBSTITUTE(SUBSTITUTE(SUBSTITUTE(SUBSTITUTE(SUBSTITUTE(SUBSTITUTE(SUBSTITUTE(SUBSTITUTE(SUBSTITUTE(SUBSTITUTE(SUBSTITUTE(SUBSTITUTE(SUBSTITUTE(SUBSTITUTE(SUBSTITUTE(SUBSTITUTE(SUBSTITUTE(SUBSTITUTE(SUBSTITUTE(SUBSTITUTE(SUBSTITUTE(SUBSTITUTE(SUBSTITUTE(SUBSTITUTE(SUBSTITUTE(SUBSTITUTE(SUBSTITUTE(SUBSTITUTE(SUBSTITUTE(SUBSTITUTE(SUBSTITUTE(SUBSTITUTE(SUBSTITUTE(SUBSTITUTE(SUBSTITUTE(SUBSTITUTE(LOWER(TRIM(A21))," ","_"),"!","_"),"#","_"),"$","_"),"%","_"),"&","_"),"'","_"),"(","_"),")","_"),"*","_"),"+","_"),",","_"),"-","_"),".","_"),"/","_"),":","_"),";","_"),"<","_"),"=","_"),">","_"),"?","_"),"@","_"),"[","_"),"\","_"),"]","_"),"^","_"),"`","_"),"{","_"),"|","_"),"}","_"),"~","_"),"–","_"),"—","_"),"’","_"),"“","_"),"”","_"),CHAR(9),"_"),CHAR(160),"_")) | AJ21: =IF(AI21="","",SUBSTITUTE(SUBSTITUTE(SUBSTITUTE(SUBSTITUTE(SUBSTITUTE(SUBSTITUTE(SUBSTITUTE(SUBSTITUTE(AI21,"__","_"),"__","_"),"__","_"),"__","_"),"__","_"),"__","_"),"__","_"),"__","_")) | AK21: =IF(OR(AJ21="",AJ21="_"),"",IF(LEFT(AJ21,1)="_",IF(RIGHT(AJ21,1)="_",MID(AJ21,2,LEN(AJ21)-2),RIGHT(AJ21,LEN(AJ21)-1)),IF(RIGHT(AJ21,1)="_",LEFT(AJ21,LEN(AJ21)-1),AJ21))) | AL21: =IF(OR(LOWER(TRIM(B21))="",LOWER(TRIM(B21))="nan",LOWER(TRIM(B21))="none",LOWER(TRIM(B21))="n/a"),"",SUBSTITUTE(SUBSTITUTE(SUBSTITUTE(SUBSTITUTE(SUBSTITUTE(SUBSTITUTE(SUBSTITUTE(SUBSTITUTE(SUBSTITUTE(SUBSTITUTE(SUBSTITUTE(SUBSTITUTE(SUBSTITUTE(SUBSTITUTE(SUBSTITUTE(SUBSTITUTE(SUBSTITUTE(SUBSTITUTE(SUBSTITUTE(SUBSTITUTE(SUBSTITUTE(SUBSTITUTE(SUBSTITUTE(SUBSTITUTE(SUBSTITUTE(SUBSTITUTE(SUBSTITUTE(SUBSTITUTE(SUBSTITUTE(SUBSTITUTE(SUBSTITUTE(SUBSTITUTE(SUBSTITUTE(SUBSTITUTE(SUBSTITUTE(SUBSTITUTE(SUBSTITUTE(SUBSTITUTE(LOWER(TRIM(B21))," ","_"),"!","_"),"#","_"),"$","_"),"%","_"),"&","_"),"'","_"),"(","_"),")","_"),"*","_"),"+","_"),",","_"),"-","_"),".","_"),"/","_"),":","_"),";","_"),"<","_"),"=","_"),">","_"),"?","_"),"@","_"),"[","_"),"\","_"),"]","_"),"^","_"),"`","_"),"{","_"),"|","_"),"}","_"),"~","_"),"–","_"),"—","_"),"’","_"),"“","_"),"”","_"),CHAR(9),"_"),CHAR(160),"_")) | AM21: =IF(AL21="","",SUBSTITUTE(SUBSTITUTE(SUBSTITUTE(SUBSTITUTE(SUBSTITUTE(SUBSTITUTE(SUBSTITUTE(SUBSTITUTE(AL21,"__","_"),"__","_"),"__","_"),"__","_"),"__","_"),"__","_"),"__","_"),"__","_")) | AN21: =IF(OR(AM21="",AM21="_"),"",IF(LEFT(AM21,1)="_",IF(RIGHT(AM21,1)="_",MID(AM21,2,LEN(AM21)-2),RIGHT(AM21,LEN(AM21)-1)),IF(RIGHT(AM21,1)="_",LEFT(AM21,LEN(AM21)-1),AM21))) | AO21: =IF(OR(LOWER(TRIM(C21))="",LOWER(TRIM(C21))="nan",LOWER(TRIM(C21))="none",LOWER(TRIM(C21))="n/a"),"",SUBSTITUTE(SUBSTITUTE(SUBSTITUTE(SUBSTITUTE(SUBSTITUTE(SUBSTITUTE(SUBSTITUTE(SUBSTITUTE(SUBSTITUTE(SUBSTITUTE(SUBSTITUTE(SUBSTITUTE(SUBSTITUTE(SUBSTITUTE(SUBSTITUTE(SUBSTITUTE(SUBSTITUTE(SUBSTITUTE(SUBSTITUTE(SUBSTITUTE(SUBSTITUTE(SUBSTITUTE(SUBSTITUTE(SUBSTITUTE(SUBSTITUTE(SUBSTITUTE(SUBSTITUTE(SUBSTITUTE(SUBSTITUTE(SUBSTITUTE(SUBSTITUTE(SUBSTITUTE(SUBSTITUTE(SUBSTITUTE(SUBSTITUTE(SUBSTITUTE(SUBSTITUTE(SUBSTITUTE(LOWER(TRIM(C21))," ","_"),"!","_"),"#","_"),"$","_"),"%","_"),"&","_"),"'","_"),"(","_"),")","_"),"*","_"),"+","_"),",","_"),"-","_"),".","_"),"/","_"),":","_"),";","_"),"<","_"),"=","_"),">","_"),"?","_"),"@","_"),"[","_"),"\","_"),"]","_"),"^","_"),"`","_"),"{","_"),"|","_"),"}","_"),"~","_"),"–","_"),"—","_"),"’","_"),"“","_"),"”","_"),CHAR(9),"_"),CHAR(160),"_")) | AP21: =IF(AO21="","",SUBSTITUTE(SUBSTITUTE(SUBSTITUTE(SUBSTITUTE(SUBSTITUTE(SUBSTITUTE(SUBSTITUTE(SUBSTITUTE(AO21,"__","_"),"__","_"),"__","_"),"__","_"),"__","_"),"__","_"),"__","_"),"__","_")) | AQ21: =IF(OR(AP21="",AP21="_"),"",IF(LEFT(AP21,1)="_",IF(RIGHT(AP21,1)="_",MID(AP21,2,LEN(AP21)-2),RIGHT(AP21,LEN(AP21)-1)),IF(RIGHT(AP21,1)="_",LEFT(AP21,LEN(AP21)-1),AP21)))
H22: =IF(AK22<>"",AK22,"")&IF(AN22<>"",IF(AK22<>"","_"&AN22,AN22),"")&IF(AQ22<>"",IF(AK22<>"","_"&AQ22,AQ22),"") | I22: =IF(TRIM(G22)<>"",TRIM(G22),H22) | J22: =IF(OR(A22="",B22="",C22="",D22=""),"Missing required field — fill in product, metric_key, segment, and metric before this row can be used.",IF(H22="","Missing required field — product, metric_key, and segment must combine into an ID.",IF(COUNTIF($I$8:$I$32,I22)>1,"Duplicate outcome ID — two rows currently build the same outcome_id; add a distinguishing detail.",IF(AND(F22<>"",F22<>I22),"Existing outcome_id differs from the built ID — review before using.","Ready")))) | AI22: =IF(OR(LOWER(TRIM(A22))="",LOWER(TRIM(A22))="nan",LOWER(TRIM(A22))="none",LOWER(TRIM(A22))="n/a"),"",SUBSTITUTE(SUBSTITUTE(SUBSTITUTE(SUBSTITUTE(SUBSTITUTE(SUBSTITUTE(SUBSTITUTE(SUBSTITUTE(SUBSTITUTE(SUBSTITUTE(SUBSTITUTE(SUBSTITUTE(SUBSTITUTE(SUBSTITUTE(SUBSTITUTE(SUBSTITUTE(SUBSTITUTE(SUBSTITUTE(SUBSTITUTE(SUBSTITUTE(SUBSTITUTE(SUBSTITUTE(SUBSTITUTE(SUBSTITUTE(SUBSTITUTE(SUBSTITUTE(SUBSTITUTE(SUBSTITUTE(SUBSTITUTE(SUBSTITUTE(SUBSTITUTE(SUBSTITUTE(SUBSTITUTE(SUBSTITUTE(SUBSTITUTE(SUBSTITUTE(SUBSTITUTE(SUBSTITUTE(LOWER(TRIM(A22))," ","_"),"!","_"),"#","_"),"$","_"),"%","_"),"&","_"),"'","_"),"(","_"),")","_"),"*","_"),"+","_"),",","_"),"-","_"),".","_"),"/","_"),":","_"),";","_"),"<","_"),"=","_"),">","_"),"?","_"),"@","_"),"[","_"),"\","_"),"]","_"),"^","_"),"`","_"),"{","_"),"|","_"),"}","_"),"~","_"),"–","_"),"—","_"),"’","_"),"“","_"),"”","_"),CHAR(9),"_"),CHAR(160),"_")) | AJ22: =IF(AI22="","",SUBSTITUTE(SUBSTITUTE(SUBSTITUTE(SUBSTITUTE(SUBSTITUTE(SUBSTITUTE(SUBSTITUTE(SUBSTITUTE(AI22,"__","_"),"__","_"),"__","_"),"__","_"),"__","_"),"__","_"),"__","_"),"__","_")) | AK22: =IF(OR(AJ22="",AJ22="_"),"",IF(LEFT(AJ22,1)="_",IF(RIGHT(AJ22,1)="_",MID(AJ22,2,LEN(AJ22)-2),RIGHT(AJ22,LEN(AJ22)-1)),IF(RIGHT(AJ22,1)="_",LEFT(AJ22,LEN(AJ22)-1),AJ22))) | AL22: =IF(OR(LOWER(TRIM(B22))="",LOWER(TRIM(B22))="nan",LOWER(TRIM(B22))="none",LOWER(TRIM(B22))="n/a"),"",SUBSTITUTE(SUBSTITUTE(SUBSTITUTE(SUBSTITUTE(SUBSTITUTE(SUBSTITUTE(SUBSTITUTE(SUBSTITUTE(SUBSTITUTE(SUBSTITUTE(SUBSTITUTE(SUBSTITUTE(SUBSTITUTE(SUBSTITUTE(SUBSTITUTE(SUBSTITUTE(SUBSTITUTE(SUBSTITUTE(SUBSTITUTE(SUBSTITUTE(SUBSTITUTE(SUBSTITUTE(SUBSTITUTE(SUBSTITUTE(SUBSTITUTE(SUBSTITUTE(SUBSTITUTE(SUBSTITUTE(SUBSTITUTE(SUBSTITUTE(SUBSTITUTE(SUBSTITUTE(SUBSTITUTE(SUBSTITUTE(SUBSTITUTE(SUBSTITUTE(SUBSTITUTE(SUBSTITUTE(LOWER(TRIM(B22))," ","_"),"!","_"),"#","_"),"$","_"),"%","_"),"&","_"),"'","_"),"(","_"),")","_"),"*","_"),"+","_"),",","_"),"-","_"),".","_"),"/","_"),":","_"),";","_"),"<","_"),"=","_"),">","_"),"?","_"),"@","_"),"[","_"),"\","_"),"]","_"),"^","_"),"`","_"),"{","_"),"|","_"),"}","_"),"~","_"),"–","_"),"—","_"),"’","_"),"“","_"),"”","_"),CHAR(9),"_"),CHAR(160),"_")) | AM22: =IF(AL22="","",SUBSTITUTE(SUBSTITUTE(SUBSTITUTE(SUBSTITUTE(SUBSTITUTE(SUBSTITUTE(SUBSTITUTE(SUBSTITUTE(AL22,"__","_"),"__","_"),"__","_"),"__","_"),"__","_"),"__","_"),"__","_"),"__","_")) | AN22: =IF(OR(AM22="",AM22="_"),"",IF(LEFT(AM22,1)="_",IF(RIGHT(AM22,1)="_",MID(AM22,2,LEN(AM22)-2),RIGHT(AM22,LEN(AM22)-1)),IF(RIGHT(AM22,1)="_",LEFT(AM22,LEN(AM22)-1),AM22))) | AO22: =IF(OR(LOWER(TRIM(C22))="",LOWER(TRIM(C22))="nan",LOWER(TRIM(C22))="none",LOWER(TRIM(C22))="n/a"),"",SUBSTITUTE(SUBSTITUTE(SUBSTITUTE(SUBSTITUTE(SUBSTITUTE(SUBSTITUTE(SUBSTITUTE(SUBSTITUTE(SUBSTITUTE(SUBSTITUTE(SUBSTITUTE(SUBSTITUTE(SUBSTITUTE(SUBSTITUTE(SUBSTITUTE(SUBSTITUTE(SUBSTITUTE(SUBSTITUTE(SUBSTITUTE(SUBSTITUTE(SUBSTITUTE(SUBSTITUTE(SUBSTITUTE(SUBSTITUTE(SUBSTITUTE(SUBSTITUTE(SUBSTITUTE(SUBSTITUTE(SUBSTITUTE(SUBSTITUTE(SUBSTITUTE(SUBSTITUTE(SUBSTITUTE(SUBSTITUTE(SUBSTITUTE(SUBSTITUTE(SUBSTITUTE(SUBSTITUTE(LOWER(TRIM(C22))," ","_"),"!","_"),"#","_"),"$","_"),"%","_"),"&","_"),"'","_"),"(","_"),")","_"),"*","_"),"+","_"),",","_"),"-","_"),".","_"),"/","_"),":","_"),";","_"),"<","_"),"=","_"),">","_"),"?","_"),"@","_"),"[","_"),"\","_"),"]","_"),"^","_"),"`","_"),"{","_"),"|","_"),"}","_"),"~","_"),"–","_"),"—","_"),"’","_"),"“","_"),"”","_"),CHAR(9),"_"),CHAR(160),"_")) | AP22: =IF(AO22="","",SUBSTITUTE(SUBSTITUTE(SUBSTITUTE(SUBSTITUTE(SUBSTITUTE(SUBSTITUTE(SUBSTITUTE(SUBSTITUTE(AO22,"__","_"),"__","_"),"__","_"),"__","_"),"__","_"),"__","_"),"__","_"),"__","_")) | AQ22: =IF(OR(AP22="",AP22="_"),"",IF(LEFT(AP22,1)="_",IF(RIGHT(AP22,1)="_",MID(AP22,2,LEN(AP22)-2),RIGHT(AP22,LEN(AP22)-1)),IF(RIGHT(AP22,1)="_",LEFT(AP22,LEN(AP22)-1),AP22)))
H23: =IF(AK23<>"",AK23,"")&IF(AN23<>"",IF(AK23<>"","_"&AN23,AN23),"")&IF(AQ23<>"",IF(AK23<>"","_"&AQ23,AQ23),"") | I23: =IF(TRIM(G23)<>"",TRIM(G23),H23) | J23: =IF(OR(A23="",B23="",C23="",D23=""),"Missing required field — fill in product, metric_key, segment, and metric before this row can be used.",IF(H23="","Missing required field — product, metric_key, and segment must combine into an ID.",IF(COUNTIF($I$8:$I$32,I23)>1,"Duplicate outcome ID — two rows currently build the same outcome_id; add a distinguishing detail.",IF(AND(F23<>"",F23<>I23),"Existing outcome_id differs from the built ID — review before using.","Ready")))) | AI23: =IF(OR(LOWER(TRIM(A23))="",LOWER(TRIM(A23))="nan",LOWER(TRIM(A23))="none",LOWER(TRIM(A23))="n/a"),"",SUBSTITUTE(SUBSTITUTE(SUBSTITUTE(SUBSTITUTE(SUBSTITUTE(SUBSTITUTE(SUBSTITUTE(SUBSTITUTE(SUBSTITUTE(SUBSTITUTE(SUBSTITUTE(SUBSTITUTE(SUBSTITUTE(SUBSTITUTE(SUBSTITUTE(SUBSTITUTE(SUBSTITUTE(SUBSTITUTE(SUBSTITUTE(SUBSTITUTE(SUBSTITUTE(SUBSTITUTE(SUBSTITUTE(SUBSTITUTE(SUBSTITUTE(SUBSTITUTE(SUBSTITUTE(SUBSTITUTE(SUBSTITUTE(SUBSTITUTE(SUBSTITUTE(SUBSTITUTE(SUBSTITUTE(SUBSTITUTE(SUBSTITUTE(SUBSTITUTE(SUBSTITUTE(SUBSTITUTE(LOWER(TRIM(A23))," ","_"),"!","_"),"#","_"),"$","_"),"%","_"),"&","_"),"'","_"),"(","_"),")","_"),"*","_"),"+","_"),",","_"),"-","_"),".","_"),"/","_"),":","_"),";","_"),"<","_"),"=","_"),">","_"),"?","_"),"@","_"),"[","_"),"\","_"),"]","_"),"^","_"),"`","_"),"{","_"),"|","_"),"}","_"),"~","_"),"–","_"),"—","_"),"’","_"),"“","_"),"”","_"),CHAR(9),"_"),CHAR(160),"_")) | AJ23: =IF(AI23="","",SUBSTITUTE(SUBSTITUTE(SUBSTITUTE(SUBSTITUTE(SUBSTITUTE(SUBSTITUTE(SUBSTITUTE(SUBSTITUTE(AI23,"__","_"),"__","_"),"__","_"),"__","_"),"__","_"),"__","_"),"__","_"),"__","_")) | AK23: =IF(OR(AJ23="",AJ23="_"),"",IF(LEFT(AJ23,1)="_",IF(RIGHT(AJ23,1)="_",MID(AJ23,2,LEN(AJ23)-2),RIGHT(AJ23,LEN(AJ23)-1)),IF(RIGHT(AJ23,1)="_",LEFT(AJ23,LEN(AJ23)-1),AJ23))) | AL23: =IF(OR(LOWER(TRIM(B23))="",LOWER(TRIM(B23))="nan",LOWER(TRIM(B23))="none",LOWER(TRIM(B23))="n/a"),"",SUBSTITUTE(SUBSTITUTE(SUBSTITUTE(SUBSTITUTE(SUBSTITUTE(SUBSTITUTE(SUBSTITUTE(SUBSTITUTE(SUBSTITUTE(SUBSTITUTE(SUBSTITUTE(SUBSTITUTE(SUBSTITUTE(SUBSTITUTE(SUBSTITUTE(SUBSTITUTE(SUBSTITUTE(SUBSTITUTE(SUBSTITUTE(SUBSTITUTE(SUBSTITUTE(SUBSTITUTE(SUBSTITUTE(SUBSTITUTE(SUBSTITUTE(SUBSTITUTE(SUBSTITUTE(SUBSTITUTE(SUBSTITUTE(SUBSTITUTE(SUBSTITUTE(SUBSTITUTE(SUBSTITUTE(SUBSTITUTE(SUBSTITUTE(SUBSTITUTE(SUBSTITUTE(SUBSTITUTE(LOWER(TRIM(B23))," ","_"),"!","_"),"#","_"),"$","_"),"%","_"),"&","_"),"'","_"),"(","_"),")","_"),"*","_"),"+","_"),",","_"),"-","_"),".","_"),"/","_"),":","_"),";","_"),"<","_"),"=","_"),">","_"),"?","_"),"@","_"),"[","_"),"\","_"),"]","_"),"^","_"),"`","_"),"{","_"),"|","_"),"}","_"),"~","_"),"–","_"),"—","_"),"’","_"),"“","_"),"”","_"),CHAR(9),"_"),CHAR(160),"_")) | AM23: =IF(AL23="","",SUBSTITUTE(SUBSTITUTE(SUBSTITUTE(SUBSTITUTE(SUBSTITUTE(SUBSTITUTE(SUBSTITUTE(SUBSTITUTE(AL23,"__","_"),"__","_"),"__","_"),"__","_"),"__","_"),"__","_"),"__","_"),"__","_")) | AN23: =IF(OR(AM23="",AM23="_"),"",IF(LEFT(AM23,1)="_",IF(RIGHT(AM23,1)="_",MID(AM23,2,LEN(AM23)-2),RIGHT(AM23,LEN(AM23)-1)),IF(RIGHT(AM23,1)="_",LEFT(AM23,LEN(AM23)-1),AM23))) | AO23: =IF(OR(LOWER(TRIM(C23))="",LOWER(TRIM(C23))="nan",LOWER(TRIM(C23))="none",LOWER(TRIM(C23))="n/a"),"",SUBSTITUTE(SUBSTITUTE(SUBSTITUTE(SUBSTITUTE(SUBSTITUTE(SUBSTITUTE(SUBSTITUTE(SUBSTITUTE(SUBSTITUTE(SUBSTITUTE(SUBSTITUTE(SUBSTITUTE(SUBSTITUTE(SUBSTITUTE(SUBSTITUTE(SUBSTITUTE(SUBSTITUTE(SUBSTITUTE(SUBSTITUTE(SUBSTITUTE(SUBSTITUTE(SUBSTITUTE(SUBSTITUTE(SUBSTITUTE(SUBSTITUTE(SUBSTITUTE(SUBSTITUTE(SUBSTITUTE(SUBSTITUTE(SUBSTITUTE(SUBSTITUTE(SUBSTITUTE(SUBSTITUTE(SUBSTITUTE(SUBSTITUTE(SUBSTITUTE(SUBSTITUTE(SUBSTITUTE(LOWER(TRIM(C23))," ","_"),"!","_"),"#","_"),"$","_"),"%","_"),"&","_"),"'","_"),"(","_"),")","_"),"*","_"),"+","_"),",","_"),"-","_"),".","_"),"/","_"),":","_"),";","_"),"<","_"),"=","_"),">","_"),"?","_"),"@","_"),"[","_"),"\","_"),"]","_"),"^","_"),"`","_"),"{","_"),"|","_"),"}","_"),"~","_"),"–","_"),"—","_"),"’","_"),"“","_"),"”","_"),CHAR(9),"_"),CHAR(160),"_")) | AP23: =IF(AO23="","",SUBSTITUTE(SUBSTITUTE(SUBSTITUTE(SUBSTITUTE(SUBSTITUTE(SUBSTITUTE(SUBSTITUTE(SUBSTITUTE(AO23,"__","_"),"__","_"),"__","_"),"__","_"),"__","_"),"__","_"),"__","_"),"__","_")) | AQ23: =IF(OR(AP23="",AP23="_"),"",IF(LEFT(AP23,1)="_",IF(RIGHT(AP23,1)="_",MID(AP23,2,LEN(AP23)-2),RIGHT(AP23,LEN(AP23)-1)),IF(RIGHT(AP23,1)="_",LEFT(AP23,LEN(AP23)-1),AP23)))
H24: =IF(AK24<>"",AK24,"")&IF(AN24<>"",IF(AK24<>"","_"&AN24,AN24),"")&IF(AQ24<>"",IF(AK24<>"","_"&AQ24,AQ24),"") | I24: =IF(TRIM(G24)<>"",TRIM(G24),H24) | J24: =IF(OR(A24="",B24="",C24="",D24=""),"Missing required field — fill in product, metric_key, segment, and metric before this row can be used.",IF(H24="","Missing required field — product, metric_key, and segment must combine into an ID.",IF(COUNTIF($I$8:$I$32,I24)>1,"Duplicate outcome ID — two rows currently build the same outcome_id; add a distinguishing detail.",IF(AND(F24<>"",F24<>I24),"Existing outcome_id differs from the built ID — review before using.","Ready")))) | AI24: =IF(OR(LOWER(TRIM(A24))="",LOWER(TRIM(A24))="nan",LOWER(TRIM(A24))="none",LOWER(TRIM(A24))="n/a"),"",SUBSTITUTE(SUBSTITUTE(SUBSTITUTE(SUBSTITUTE(SUBSTITUTE(SUBSTITUTE(SUBSTITUTE(SUBSTITUTE(SUBSTITUTE(SUBSTITUTE(SUBSTITUTE(SUBSTITUTE(SUBSTITUTE(SUBSTITUTE(SUBSTITUTE(SUBSTITUTE(SUBSTITUTE(SUBSTITUTE(SUBSTITUTE(SUBSTITUTE(SUBSTITUTE(SUBSTITUTE(SUBSTITUTE(SUBSTITUTE(SUBSTITUTE(SUBSTITUTE(SUBSTITUTE(SUBSTITUTE(SUBSTITUTE(SUBSTITUTE(SUBSTITUTE(SUBSTITUTE(SUBSTITUTE(SUBSTITUTE(SUBSTITUTE(SUBSTITUTE(SUBSTITUTE(SUBSTITUTE(LOWER(TRIM(A24))," ","_"),"!","_"),"#","_"),"$","_"),"%","_"),"&","_"),"'","_"),"(","_"),")","_"),"*","_"),"+","_"),",","_"),"-","_"),".","_"),"/","_"),":","_"),";","_"),"<","_"),"=","_"),">","_"),"?","_"),"@","_"),"[","_"),"\","_"),"]","_"),"^","_"),"`","_"),"{","_"),"|","_"),"}","_"),"~","_"),"–","_"),"—","_"),"’","_"),"“","_"),"”","_"),CHAR(9),"_"),CHAR(160),"_")) | AJ24: =IF(AI24="","",SUBSTITUTE(SUBSTITUTE(SUBSTITUTE(SUBSTITUTE(SUBSTITUTE(SUBSTITUTE(SUBSTITUTE(SUBSTITUTE(AI24,"__","_"),"__","_"),"__","_"),"__","_"),"__","_"),"__","_"),"__","_"),"__","_")) | AK24: =IF(OR(AJ24="",AJ24="_"),"",IF(LEFT(AJ24,1)="_",IF(RIGHT(AJ24,1)="_",MID(AJ24,2,LEN(AJ24)-2),RIGHT(AJ24,LEN(AJ24)-1)),IF(RIGHT(AJ24,1)="_",LEFT(AJ24,LEN(AJ24)-1),AJ24))) | AL24: =IF(OR(LOWER(TRIM(B24))="",LOWER(TRIM(B24))="nan",LOWER(TRIM(B24))="none",LOWER(TRIM(B24))="n/a"),"",SUBSTITUTE(SUBSTITUTE(SUBSTITUTE(SUBSTITUTE(SUBSTITUTE(SUBSTITUTE(SUBSTITUTE(SUBSTITUTE(SUBSTITUTE(SUBSTITUTE(SUBSTITUTE(SUBSTITUTE(SUBSTITUTE(SUBSTITUTE(SUBSTITUTE(SUBSTITUTE(SUBSTITUTE(SUBSTITUTE(SUBSTITUTE(SUBSTITUTE(SUBSTITUTE(SUBSTITUTE(SUBSTITUTE(SUBSTITUTE(SUBSTITUTE(SUBSTITUTE(SUBSTITUTE(SUBSTITUTE(SUBSTITUTE(SUBSTITUTE(SUBSTITUTE(SUBSTITUTE(SUBSTITUTE(SUBSTITUTE(SUBSTITUTE(SUBSTITUTE(SUBSTITUTE(SUBSTITUTE(LOWER(TRIM(B24))," ","_"),"!","_"),"#","_"),"$","_"),"%","_"),"&","_"),"'","_"),"(","_"),")","_"),"*","_"),"+","_"),",","_"),"-","_"),".","_"),"/","_"),":","_"),";","_"),"<","_"),"=","_"),">","_"),"?","_"),"@","_"),"[","_"),"\","_"),"]","_"),"^","_"),"`","_"),"{","_"),"|","_"),"}","_"),"~","_"),"–","_"),"—","_"),"’","_"),"“","_"),"”","_"),CHAR(9),"_"),CHAR(160),"_")) | AM24: =IF(AL24="","",SUBSTITUTE(SUBSTITUTE(SUBSTITUTE(SUBSTITUTE(SUBSTITUTE(SUBSTITUTE(SUBSTITUTE(SUBSTITUTE(AL24,"__","_"),"__","_"),"__","_"),"__","_"),"__","_"),"__","_"),"__","_"),"__","_")) | AN24: =IF(OR(AM24="",AM24="_"),"",IF(LEFT(AM24,1)="_",IF(RIGHT(AM24,1)="_",MID(AM24,2,LEN(AM24)-2),RIGHT(AM24,LEN(AM24)-1)),IF(RIGHT(AM24,1)="_",LEFT(AM24,LEN(AM24)-1),AM24))) | AO24: =IF(OR(LOWER(TRIM(C24))="",LOWER(TRIM(C24))="nan",LOWER(TRIM(C24))="none",LOWER(TRIM(C24))="n/a"),"",SUBSTITUTE(SUBSTITUTE(SUBSTITUTE(SUBSTITUTE(SUBSTITUTE(SUBSTITUTE(SUBSTITUTE(SUBSTITUTE(SUBSTITUTE(SUBSTITUTE(SUBSTITUTE(SUBSTITUTE(SUBSTITUTE(SUBSTITUTE(SUBSTITUTE(SUBSTITUTE(SUBSTITUTE(SUBSTITUTE(SUBSTITUTE(SUBSTITUTE(SUBSTITUTE(SUBSTITUTE(SUBSTITUTE(SUBSTITUTE(SUBSTITUTE(SUBSTITUTE(SUBSTITUTE(SUBSTITUTE(SUBSTITUTE(SUBSTITUTE(SUBSTITUTE(SUBSTITUTE(SUBSTITUTE(SUBSTITUTE(SUBSTITUTE(SUBSTITUTE(SUBSTITUTE(SUBSTITUTE(LOWER(TRIM(C24))," ","_"),"!","_"),"#","_"),"$","_"),"%","_"),"&","_"),"'","_"),"(","_"),")","_"),"*","_"),"+","_"),",","_"),"-","_"),".","_"),"/","_"),":","_"),";","_"),"<","_"),"=","_"),">","_"),"?","_"),"@","_"),"[","_"),"\","_"),"]","_"),"^","_"),"`","_"),"{","_"),"|","_"),"}","_"),"~","_"),"–","_"),"—","_"),"’","_"),"“","_"),"”","_"),CHAR(9),"_"),CHAR(160),"_")) | AP24: =IF(AO24="","",SUBSTITUTE(SUBSTITUTE(SUBSTITUTE(SUBSTITUTE(SUBSTITUTE(SUBSTITUTE(SUBSTITUTE(SUBSTITUTE(AO24,"__","_"),"__","_"),"__","_"),"__","_"),"__","_"),"__","_"),"__","_"),"__","_")) | AQ24: =IF(OR(AP24="",AP24="_"),"",IF(LEFT(AP24,1)="_",IF(RIGHT(AP24,1)="_",MID(AP24,2,LEN(AP24)-2),RIGHT(AP24,LEN(AP24)-1)),IF(RIGHT(AP24,1)="_",LEFT(AP24,LEN(AP24)-1),AP24)))
... H32: =IF(AK32<>"",AK32,"")&IF(AN32<>"",IF(AK32<>"","_"&AN32,AN32),"")&IF(AQ32<>"",IF(AK32<>"","_"&AQ32,AQ32),"") | I32: =IF(TRIM(G32)<>"",TRIM(G32),H32) | J32: =IF(OR(A32="",B32="",C32="",D32=""),"Missing required field — fill in product, metric_key, segment, and metric before this row can be used.",IF(H32="","Missing required field — product, metric_key, and segment must combine into an ID.",IF(COUNTIF($I$8:$I$32,I32)>1,"Duplicate outcome ID — two rows currently build the same outcome_id; add a distinguishing detail.",IF(AND(F32<>"",F32<>I32),"Existing outcome_id differs from the built ID — review before using.","Ready")))) | AI32: =IF(OR(LOWER(TRIM(A32))="",LOWER(TRIM(A32))="nan",LOWER(TRIM(A32))="none",LOWER(TRIM(A32))="n/a"),"",SUBSTITUTE(SUBSTITUTE(SUBSTITUTE(SUBSTITUTE(SUBSTITUTE(SUBSTITUTE(SUBSTITUTE(SUBSTITUTE(SUBSTITUTE(SUBSTITUTE(SUBSTITUTE(SUBSTITUTE(SUBSTITUTE(SUBSTITUTE(SUBSTITUTE(SUBSTITUTE(SUBSTITUTE(SUBSTITUTE(SUBSTITUTE(SUBSTITUTE(SUBSTITUTE(SUBSTITUTE(SUBSTITUTE(SUBSTITUTE(SUBSTITUTE(SUBSTITUTE(SUBSTITUTE(SUBSTITUTE(SUBSTITUTE(SUBSTITUTE(SUBSTITUTE(SUBSTITUTE(SUBSTITUTE(SUBSTITUTE(SUBSTITUTE(SUBSTITUTE(SUBSTITUTE(SUBSTITUTE(LOWER(TRIM(A32))," ","_"),"!","_"),"#","_"),"$","_"),"%","_"),"&","_"),"'","_"),"(","_"),")","_"),"*","_"),"+","_"),",","_"),"-","_"),".","_"),"/","_"),":","_"),";","_"),"<","_"),"=","_"),">","_"),"?","_"),"@","_"),"[","_"),"\","_"),"]","_"),"^","_"),"`","_"),"{","_"),"|","_"),"}","_"),"~","_"),"–","_"),"—","_"),"’","_"),"“","_"),"”","_"),CHAR(9),"_"),CHAR(160),"_")) | AJ32: =IF(AI32="","",SUBSTITUTE(SUBSTITUTE(SUBSTITUTE(SUBSTITUTE(SUBSTITUTE(SUBSTITUTE(SUBSTITUTE(SUBSTITUTE(AI32,"__","_"),"__","_"),"__","_"),"__","_"),"__","_"),"__","_"),"__","_"),"__","_")) | AK32: =IF(OR(AJ32="",AJ32="_"),"",IF(LEFT(AJ32,1)="_",IF(RIGHT(AJ32,1)="_",MID(AJ32,2,LEN(AJ32)-2),RIGHT(AJ32,LEN(AJ32)-1)),IF(RIGHT(AJ32,1)="_",LEFT(AJ32,LEN(AJ32)-1),AJ32))) | AL32: =IF(OR(LOWER(TRIM(B32))="",LOWER(TRIM(B32))="nan",LOWER(TRIM(B32))="none",LOWER(TRIM(B32))="n/a"),"",SUBSTITUTE(SUBSTITUTE(SUBSTITUTE(SUBSTITUTE(SUBSTITUTE(SUBSTITUTE(SUBSTITUTE(SUBSTITUTE(SUBSTITUTE(SUBSTITUTE(SUBSTITUTE(SUBSTITUTE(SUBSTITUTE(SUBSTITUTE(SUBSTITUTE(SUBSTITUTE(SUBSTITUTE(SUBSTITUTE(SUBSTITUTE(SUBSTITUTE(SUBSTITUTE(SUBSTITUTE(SUBSTITUTE(SUBSTITUTE(SUBSTITUTE(SUBSTITUTE(SUBSTITUTE(SUBSTITUTE(SUBSTITUTE(SUBSTITUTE(SUBSTITUTE(SUBSTITUTE(SUBSTITUTE(SUBSTITUTE(SUBSTITUTE(SUBSTITUTE(SUBSTITUTE(SUBSTITUTE(LOWER(TRIM(B32))," ","_"),"!","_"),"#","_"),"$","_"),"%","_"),"&","_"),"'","_"),"(","_"),")","_"),"*","_"),"+","_"),",","_"),"-","_"),".","_"),"/","_"),":","_"),";","_"),"<","_"),"=","_"),">","_"),"?","_"),"@","_"),"[","_"),"\","_"),"]","_"),"^","_"),"`","_"),"{","_"),"|","_"),"}","_"),"~","_"),"–","_"),"—","_"),"’","_"),"“","_"),"”","_"),CHAR(9),"_"),CHAR(160),"_")) | AM32: =IF(AL32="","",SUBSTITUTE(SUBSTITUTE(SUBSTITUTE(SUBSTITUTE(SUBSTITUTE(SUBSTITUTE(SUBSTITUTE(SUBSTITUTE(AL32,"__","_"),"__","_"),"__","_"),"__","_"),"__","_"),"__","_"),"__","_"),"__","_")) | AN32: =IF(OR(AM32="",AM32="_"),"",IF(LEFT(AM32,1)="_",IF(RIGHT(AM32,1)="_",MID(AM32,2,LEN(AM32)-2),RIGHT(AM32,LEN(AM32)-1)),IF(RIGHT(AM32,1)="_",LEFT(AM32,LEN(AM32)-1),AM32))) | AO32: =IF(OR(LOWER(TRIM(C32))="",LOWER(TRIM(C32))="nan",LOWER(TRIM(C32))="none",LOWER(TRIM(C32))="n/a"),"",SUBSTITUTE(SUBSTITUTE(SUBSTITUTE(SUBSTITUTE(SUBSTITUTE(SUBSTITUTE(SUBSTITUTE(SUBSTITUTE(SUBSTITUTE(SUBSTITUTE(SUBSTITUTE(SUBSTITUTE(SUBSTITUTE(SUBSTITUTE(SUBSTITUTE(SUBSTITUTE(SUBSTITUTE(SUBSTITUTE(SUBSTITUTE(SUBSTITUTE(SUBSTITUTE(SUBSTITUTE(SUBSTITUTE(SUBSTITUTE(SUBSTITUTE(SUBSTITUTE(SUBSTITUTE(SUBSTITUTE(SUBSTITUTE(SUBSTITUTE(SUBSTITUTE(SUBSTITUTE(SUBSTITUTE(SUBSTITUTE(SUBSTITUTE(SUBSTITUTE(SUBSTITUTE(SUBSTITUTE(LOWER(TRIM(C32))," ","_"),"!","_"),"#","_"),"$","_"),"%","_"),"&","_"),"'","_"),"(","_"),")","_"),"*","_"),"+","_"),",","_"),"-","_"),".","_"),"/","_"),":","_"),";","_"),"<","_"),"=","_"),">","_"),"?","_"),"@","_"),"[","_"),"\","_"),"]","_"),"^","_"),"`","_"),"{","_"),"|","_"),"}","_"),"~","_"),"–","_"),"—","_"),"’","_"),"“","_"),"”","_"),CHAR(9),"_"),CHAR(160),"_")) | AP32: =IF(AO32="","",SUBSTITUTE(SUBSTITUTE(SUBSTITUTE(SUBSTITUTE(SUBSTITUTE(SUBSTITUTE(SUBSTITUTE(SUBSTITUTE(AO32,"__","_"),"__","_"),"__","_"),"__","_"),"__","_"),"__","_"),"__","_"),"__","_")) | AQ32: =IF(OR(AP32="",AP32="_"),"",IF(LEFT(AP32,1)="_",IF(RIGHT(AP32,1)="_",MID(AP32,2,LEN(AP32)-2),RIGHT(AP32,LEN(AP32)-1)),IF(RIGHT(AP32,1)="_",LEFT(AP32,LEN(AP32)-1),AP32)))

Sheet DICTIONARY_OUTPUT
A1: outcome_id | B1: source_column | C1: product | D1: metric_key | E1: metric | F1: segment_dimension | G1: segment | H1: outcome_group_id | I1: outcome_group_label | J1: outcome_family_key | K1: group_aggregation | L1: unit | M1: aggregation_type | N1: role | O1: included_in_fit | P1: include_in_default_reporting | Q1: include_in_official_total | R1: include_in_value | S1: include_in_optimisation | T1: definition_version | U1: event_definition | V1: cohort_or_attribution_basis | W1: completeness_or_maturity_policy | X1: exclusions | Y1: reconciliation_source | Z1: business_owner | AA1: effective_from | AB1: effective_to | AC1: value_weight | AD1: value_currency
A2: ='BUILDER'!I8 | B2: =IF(TRIM('BUILDER'!E8)<>"",'BUILDER'!E8,'BUILDER'!I8) | C2: ='BUILDER'!A8 | D2: ='BUILDER'!B8 | E2: ='BUILDER'!D8 | F2: =IF(TRIM('BUILDER'!K8)<>"",'BUILDER'!K8,"unspecified") | G2: ='BUILDER'!C8 | H2: ='BUILDER'!L8 | I2: ='BUILDER'!M8 | J2: ='BUILDER'!N8 | K2: ='BUILDER'!O8 | N2: ='BUILDER'!P8 | O2: ='BUILDER'!Q8 | P2: ='BUILDER'!R8 | Q2: ='BUILDER'!S8 | R2: ='BUILDER'!T8 | S2: ='BUILDER'!U8 | T2: ='BUILDER'!X8 | U2: ='BUILDER'!Y8 | V2: ='BUILDER'!Z8 | W2: ='BUILDER'!AA8 | X2: ='BUILDER'!AB8 | Y2: ='BUILDER'!AC8 | Z2: ='BUILDER'!AD8 | AA2: ='BUILDER'!AE8 | AB2: ='BUILDER'!AF8 | AC2: ='BUILDER'!V8 | AD2: ='BUILDER'!W8
A3: ='BUILDER'!I9 | B3: =IF(TRIM('BUILDER'!E9)<>"",'BUILDER'!E9,'BUILDER'!I9) | C3: ='BUILDER'!A9 | D3: ='BUILDER'!B9 | E3: ='BUILDER'!D9 | F3: =IF(TRIM('BUILDER'!K9)<>"",'BUILDER'!K9,"unspecified") | G3: ='BUILDER'!C9 | H3: ='BUILDER'!L9 | I3: ='BUILDER'!M9 | J3: ='BUILDER'!N9 | K3: ='BUILDER'!O9 | N3: ='BUILDER'!P9 | O3: ='BUILDER'!Q9 | P3: ='BUILDER'!R9 | Q3: ='BUILDER'!S9 | R3: ='BUILDER'!T9 | S3: ='BUILDER'!U9 | T3: ='BUILDER'!X9 | U3: ='BUILDER'!Y9 | V3: ='BUILDER'!Z9 | W3: ='BUILDER'!AA9 | X3: ='BUILDER'!AB9 | Y3: ='BUILDER'!AC9 | Z3: ='BUILDER'!AD9 | AA3: ='BUILDER'!AE9 | AB3: ='BUILDER'!AF9 | AC3: ='BUILDER'!V9 | AD3: ='BUILDER'!W9
A4: ='BUILDER'!I10 | B4: =IF(TRIM('BUILDER'!E10)<>"",'BUILDER'!E10,'BUILDER'!I10) | C4: ='BUILDER'!A10 | D4: ='BUILDER'!B10 | E4: ='BUILDER'!D10 | F4: =IF(TRIM('BUILDER'!K10)<>"",'BUILDER'!K10,"unspecified") | G4: ='BUILDER'!C10 | H4: ='BUILDER'!L10 | I4: ='BUILDER'!M10 | J4: ='BUILDER'!N10 | K4: ='BUILDER'!O10 | N4: ='BUILDER'!P10 | O4: ='BUILDER'!Q10 | P4: ='BUILDER'!R10 | Q4: ='BUILDER'!S10 | R4: ='BUILDER'!T10 | S4: ='BUILDER'!U10 | T4: ='BUILDER'!X10 | U4: ='BUILDER'!Y10 | V4: ='BUILDER'!Z10 | W4: ='BUILDER'!AA10 | X4: ='BUILDER'!AB10 | Y4: ='BUILDER'!AC10 | Z4: ='BUILDER'!AD10 | AA4: ='BUILDER'!AE10 | AB4: ='BUILDER'!AF10 | AC4: ='BUILDER'!V10 | AD4: ='BUILDER'!W10
A5: ='BUILDER'!I11 | B5: =IF(TRIM('BUILDER'!E11)<>"",'BUILDER'!E11,'BUILDER'!I11) | C5: ='BUILDER'!A11 | D5: ='BUILDER'!B11 | E5: ='BUILDER'!D11 | F5: =IF(TRIM('BUILDER'!K11)<>"",'BUILDER'!K11,"unspecified") | G5: ='BUILDER'!C11 | H5: ='BUILDER'!L11 | I5: ='BUILDER'!M11 | J5: ='BUILDER'!N11 | K5: ='BUILDER'!O11 | N5: ='BUILDER'!P11 | O5: ='BUILDER'!Q11 | P5: ='BUILDER'!R11 | Q5: ='BUILDER'!S11 | R5: ='BUILDER'!T11 | S5: ='BUILDER'!U11 | T5: ='BUILDER'!X11 | U5: ='BUILDER'!Y11 | V5: ='BUILDER'!Z11 | W5: ='BUILDER'!AA11 | X5: ='BUILDER'!AB11 | Y5: ='BUILDER'!AC11 | Z5: ='BUILDER'!AD11 | AA5: ='BUILDER'!AE11 | AB5: ='BUILDER'!AF11 | AC5: ='BUILDER'!V11 | AD5: ='BUILDER'!W11
A6: ='BUILDER'!I12 | B6: =IF(TRIM('BUILDER'!E12)<>"",'BUILDER'!E12,'BUILDER'!I12) | C6: ='BUILDER'!A12 | D6: ='BUILDER'!B12 | E6: ='BUILDER'!D12 | F6: =IF(TRIM('BUILDER'!K12)<>"",'BUILDER'!K12,"unspecified") | G6: ='BUILDER'!C12 | H6: ='BUILDER'!L12 | I6: ='BUILDER'!M12 | J6: ='BUILDER'!N12 | K6: ='BUILDER'!O12 | N6: ='BUILDER'!P12 | O6: ='BUILDER'!Q12 | P6: ='BUILDER'!R12 | Q6: ='BUILDER'!S12 | R6: ='BUILDER'!T12 | S6: ='BUILDER'!U12 | T6: ='BUILDER'!X12 | U6: ='BUILDER'!Y12 | V6: ='BUILDER'!Z12 | W6: ='BUILDER'!AA12 | X6: ='BUILDER'!AB12 | Y6: ='BUILDER'!AC12 | Z6: ='BUILDER'!AD12 | AA6: ='BUILDER'!AE12 | AB6: ='BUILDER'!AF12 | AC6: ='BUILDER'!V12 | AD6: ='BUILDER'!W12
A7: ='BUILDER'!I13 | B7: =IF(TRIM('BUILDER'!E13)<>"",'BUILDER'!E13,'BUILDER'!I13) | C7: ='BUILDER'!A13 | D7: ='BUILDER'!B13 | E7: ='BUILDER'!D13 | F7: =IF(TRIM('BUILDER'!K13)<>"",'BUILDER'!K13,"unspecified") | G7: ='BUILDER'!C13 | H7: ='BUILDER'!L13 | I7: ='BUILDER'!M13 | J7: ='BUILDER'!N13 | K7: ='BUILDER'!O13 | N7: ='BUILDER'!P13 | O7: ='BUILDER'!Q13 | P7: ='BUILDER'!R13 | Q7: ='BUILDER'!S13 | R7: ='BUILDER'!T13 | S7: ='BUILDER'!U13 | T7: ='BUILDER'!X13 | U7: ='BUILDER'!Y13 | V7: ='BUILDER'!Z13 | W7: ='BUILDER'!AA13 | X7: ='BUILDER'!AB13 | Y7: ='BUILDER'!AC13 | Z7: ='BUILDER'!AD13 | AA7: ='BUILDER'!AE13 | AB7: ='BUILDER'!AF13 | AC7: ='BUILDER'!V13 | AD7: ='BUILDER'!W13
A8: ='BUILDER'!I14 | B8: =IF(TRIM('BUILDER'!E14)<>"",'BUILDER'!E14,'BUILDER'!I14) | C8: ='BUILDER'!A14 | D8: ='BUILDER'!B14 | E8: ='BUILDER'!D14 | F8: =IF(TRIM('BUILDER'!K14)<>"",'BUILDER'!K14,"unspecified") | G8: ='BUILDER'!C14 | H8: ='BUILDER'!L14 | I8: ='BUILDER'!M14 | J8: ='BUILDER'!N14 | K8: ='BUILDER'!O14 | N8: ='BUILDER'!P14 | O8: ='BUILDER'!Q14 | P8: ='BUILDER'!R14 | Q8: ='BUILDER'!S14 | R8: ='BUILDER'!T14 | S8: ='BUILDER'!U14 | T8: ='BUILDER'!X14 | U8: ='BUILDER'!Y14 | V8: ='BUILDER'!Z14 | W8: ='BUILDER'!AA14 | X8: ='BUILDER'!AB14 | Y8: ='BUILDER'!AC14 | Z8: ='BUILDER'!AD14 | AA8: ='BUILDER'!AE14 | AB8: ='BUILDER'!AF14 | AC8: ='BUILDER'!V14 | AD8: ='BUILDER'!W14
A9: ='BUILDER'!I15 | B9: =IF(TRIM('BUILDER'!E15)<>"",'BUILDER'!E15,'BUILDER'!I15) | C9: ='BUILDER'!A15 | D9: ='BUILDER'!B15 | E9: ='BUILDER'!D15 | F9: =IF(TRIM('BUILDER'!K15)<>"",'BUILDER'!K15,"unspecified") | G9: ='BUILDER'!C15 | H9: ='BUILDER'!L15 | I9: ='BUILDER'!M15 | J9: ='BUILDER'!N15 | K9: ='BUILDER'!O15 | N9: ='BUILDER'!P15 | O9: ='BUILDER'!Q15 | P9: ='BUILDER'!R15 | Q9: ='BUILDER'!S15 | R9: ='BUILDER'!T15 | S9: ='BUILDER'!U15 | T9: ='BUILDER'!X15 | U9: ='BUILDER'!Y15 | V9: ='BUILDER'!Z15 | W9: ='BUILDER'!AA15 | X9: ='BUILDER'!AB15 | Y9: ='BUILDER'!AC15 | Z9: ='BUILDER'!AD15 | AA9: ='BUILDER'!AE15 | AB9: ='BUILDER'!AF15 | AC9: ='BUILDER'!V15 | AD9: ='BUILDER'!W15
A10: ='BUILDER'!I16 | B10: =IF(TRIM('BUILDER'!E16)<>"",'BUILDER'!E16,'BUILDER'!I16) | C10: ='BUILDER'!A16 | D10: ='BUILDER'!B16 | E10: ='BUILDER'!D16 | F10: =IF(TRIM('BUILDER'!K16)<>"",'BUILDER'!K16,"unspecified") | G10: ='BUILDER'!C16 | H10: ='BUILDER'!L16 | I10: ='BUILDER'!M16 | J10: ='BUILDER'!N16 | K10: ='BUILDER'!O16 | N10: ='BUILDER'!P16 | O10: ='BUILDER'!Q16 | P10: ='BUILDER'!R16 | Q10: ='BUILDER'!S16 | R10: ='BUILDER'!T16 | S10: ='BUILDER'!U16 | T10: ='BUILDER'!X16 | U10: ='BUILDER'!Y16 | V10: ='BUILDER'!Z16 | W10: ='BUILDER'!AA16 | X10: ='BUILDER'!AB16 | Y10: ='BUILDER'!AC16 | Z10: ='BUILDER'!AD16 | AA10: ='BUILDER'!AE16 | AB10: ='BUILDER'!AF16 | AC10: ='BUILDER'!V16 | AD10: ='BUILDER'!W16
A11: ='BUILDER'!I17 | B11: =IF(TRIM('BUILDER'!E17)<>"",'BUILDER'!E17,'BUILDER'!I17) | C11: ='BUILDER'!A17 | D11: ='BUILDER'!B17 | E11: ='BUILDER'!D17 | F11: =IF(TRIM('BUILDER'!K17)<>"",'BUILDER'!K17,"unspecified") | G11: ='BUILDER'!C17 | H11: ='BUILDER'!L17 | I11: ='BUILDER'!M17 | J11: ='BUILDER'!N17 | K11: ='BUILDER'!O17 | N11: ='BUILDER'!P17 | O11: ='BUILDER'!Q17 | P11: ='BUILDER'!R17 | Q11: ='BUILDER'!S17 | R11: ='BUILDER'!T17 | S11: ='BUILDER'!U17 | T11: ='BUILDER'!X17 | U11: ='BUILDER'!Y17 | V11: ='BUILDER'!Z17 | W11: ='BUILDER'!AA17 | X11: ='BUILDER'!AB17 | Y11: ='BUILDER'!AC17 | Z11: ='BUILDER'!AD17 | AA11: ='BUILDER'!AE17 | AB11: ='BUILDER'!AF17 | AC11: ='BUILDER'!V17 | AD11: ='BUILDER'!W17
A12: ='BUILDER'!I18 | B12: =IF(TRIM('BUILDER'!E18)<>"",'BUILDER'!E18,'BUILDER'!I18) | C12: ='BUILDER'!A18 | D12: ='BUILDER'!B18 | E12: ='BUILDER'!D18 | F12: =IF(TRIM('BUILDER'!K18)<>"",'BUILDER'!K18,"unspecified") | G12: ='BUILDER'!C18 | H12: ='BUILDER'!L18 | I12: ='BUILDER'!M18 | J12: ='BUILDER'!N18 | K12: ='BUILDER'!O18 | N12: ='BUILDER'!P18 | O12: ='BUILDER'!Q18 | P12: ='BUILDER'!R18 | Q12: ='BUILDER'!S18 | R12: ='BUILDER'!T18 | S12: ='BUILDER'!U18 | T12: ='BUILDER'!X18 | U12: ='BUILDER'!Y18 | V12: ='BUILDER'!Z18 | W12: ='BUILDER'!AA18 | X12: ='BUILDER'!AB18 | Y12: ='BUILDER'!AC18 | Z12: ='BUILDER'!AD18 | AA12: ='BUILDER'!AE18 | AB12: ='BUILDER'!AF18 | AC12: ='BUILDER'!V18 | AD12: ='BUILDER'!W18
A13: ='BUILDER'!I19 | B13: =IF(TRIM('BUILDER'!E19)<>"",'BUILDER'!E19,'BUILDER'!I19) | C13: ='BUILDER'!A19 | D13: ='BUILDER'!B19 | E13: ='BUILDER'!D19 | F13: =IF(TRIM('BUILDER'!K19)<>"",'BUILDER'!K19,"unspecified") | G13: ='BUILDER'!C19 | H13: ='BUILDER'!L19 | I13: ='BUILDER'!M19 | J13: ='BUILDER'!N19 | K13: ='BUILDER'!O19 | N13: ='BUILDER'!P19 | O13: ='BUILDER'!Q19 | P13: ='BUILDER'!R19 | Q13: ='BUILDER'!S19 | R13: ='BUILDER'!T19 | S13: ='BUILDER'!U19 | T13: ='BUILDER'!X19 | U13: ='BUILDER'!Y19 | V13: ='BUILDER'!Z19 | W13: ='BUILDER'!AA19 | X13: ='BUILDER'!AB19 | Y13: ='BUILDER'!AC19 | Z13: ='BUILDER'!AD19 | AA13: ='BUILDER'!AE19 | AB13: ='BUILDER'!AF19 | AC13: ='BUILDER'!V19 | AD13: ='BUILDER'!W19
... A26: ='BUILDER'!I32 | B26: =IF(TRIM('BUILDER'!E32)<>"",'BUILDER'!E32,'BUILDER'!I32) | C26: ='BUILDER'!A32 | D26: ='BUILDER'!B32 | E26: ='BUILDER'!D32 | F26: =IF(TRIM('BUILDER'!K32)<>"",'BUILDER'!K32,"unspecified") | G26: ='BUILDER'!C32 | H26: ='BUILDER'!L32 | I26: ='BUILDER'!M32 | J26: ='BUILDER'!N32 | K26: ='BUILDER'!O32 | N26: ='BUILDER'!P32 | O26: ='BUILDER'!Q32 | P26: ='BUILDER'!R32 | Q26: ='BUILDER'!S32 | R26: ='BUILDER'!T32 | S26: ='BUILDER'!U32 | T26: ='BUILDER'!X32 | U26: ='BUILDER'!Y32 | V26: ='BUILDER'!Z32 | W26: ='BUILDER'!AA32 | X26: ='BUILDER'!AB32 | Y26: ='BUILDER'!AC32 | Z26: ='BUILDER'!AD32 | AA26: ='BUILDER'!AE32 | AB26: ='BUILDER'!AF32 | AC26: ='BUILDER'!V32 | AD26: ='BUILDER'!W32

Sheet ALLOWED_VALUES
A1: Field | B1: Accepted value | C1: Plain-English meaning | D1: When to use
A2: product | B2: Family History | C2: The Family History product line. | D2: Every outcome must belong to one product.
A3: product | B3: DNA | C3: The DNA product line. | D3: Every outcome must belong to one product.
A4: metric_key | B4: fh_gsa | C4: GSA (Family History). | D4: Use the registered key whenever the metric already exists.
A5: metric_key | B5: fh_signup | C5: Sign-up (Family History). | D5: Use the registered key whenever the metric already exists.
A6: metric_key | B6: dna_kit_sale | C6: Kit sale (DNA). | D6: Use the registered key whenever the metric already exists.
A7: metric_key | B7: fh_net_billthrough_count | C7: Net bill-through count (Family History). | D7: Use the registered key whenever the metric already exists.
A8: metric_key | B8: fh_net_billthrough_rate | C8: Net bill-through rate (Family History). | D8: Use the registered key whenever the metric already exists.
A9: metric_key | B9: fh_gsa_finance_date | C9: GSA (finance date) (Family History). | D9: Use the registered key whenever the metric already exists.
A10: metric_key | B10: dna_kit_sale_self_activated | C10: Kit sale (self-activated) (DNA). | D10: Use the registered key whenever the metric already exists.
A11: metric_key | B11: dna_kit_sale_gifted_activated | C11: Kit sale (gifted-activated) (DNA). | D11: Use the registered key whenever the metric already exists.
A12: metric_key | B12: dna_kit_sale_unactivated | C12: Kit sale (unactivated) (DNA). | D12: Use the registered key whenever the metric already exists.
... A54: effective_to | B54: Free text — no fixed list | C54: Not a governed enum. | D54: Enter as plain text; there is no dropdown.

Sheet EXAMPLES
A1: Example | B1: Outcome identity | C1: Why
A2: Good | B2: fh_gsa_new | C2: Stable product + metric_key + segment identity; meaning is still in the dictionary.
A3: Good | B3: dna_kit_sale_new_customer | C3: DNA relationship partition is explicit when source supports it.
A4: Invalid | B4: gsa | C4: Too little identity; product and segment collide.
A5: Invalid | B5: fh_gsa_2026_01_05_uk | C5: Time and market are row/source scope, not a new outcome definition.
A6: Review | B6: fh_gsa_dna_cross_sell | C6: Use the approved project spelling/lineage; do not infer from a friendly label.
